drug_id,drug_name,brand_name,active_ingredient,gene_symbol,clinpgx_id,ncbi_id,boxed_warning,indications
1,silicea,SILICEA,SILICON DIOXIDE,,,,None,INDICATIONS Condition listed above or as directed by the physician
2,povidone-iodine,MediChoice Povidone-Iodine Prep Pad,POVIDONE-IODINE,,,,None,Use Antiseptic skin preparation
3,naproxen,Naproxen,NAPROXEN,,,,"WARNING: RISK OF SERIOUS CARDIOVASCULAR AND GASTROINTESTINAL EVENTS Cardiovascular Thrombotic Events • Nonsteroidal anti-inflammatory drugs (NSAIDs) cause an increased risk of serious cardiovascular thrombotic events, including myocardial infarction and stroke, which can be fatal. This risk may occur early in treatment and may increase with duration of use [ see Warnings and Precautions ( 5.1 ) ]. • Naproxen tablets and naproxen sodium tablets are contraindicated in the setting of coronary artery bypass graft (CABG) surgery [ see Contraindications ( 4 ), Warnings and Precautions ( 5.1 ) ]. Gastrointestinal Bleeding, Ulceration, and Perforation • NSAIDs cause an increased risk of serious gastrointestinal (GI) adverse events including bleeding, ulceration, and perforation of the stomach or intestines, which can be fatal. These events can occur at any time during use and without warning symptoms. Elderly patients and patients with a prior history of peptic ulcer disease and/or GI bleeding are at greater risk for serious GI events [ see Warnings and Precautions ( 5.2 ) ]. WARNING: RISK OF SERIOUS CARDIOVASCULAR AND GASTROINTESTINAL EVENTS See full prescribing information for complete boxed warning. • Nonsteroidal anti-inflammatory drugs (NSAIDs) cause an increased risk of serious cardiovascular thrombotic events, including myocardial infarction and stroke, which can be fatal. This risk may occur early in treatment and may increase with duration of use. ( 5.1 ) • Naproxen tablets and naproxen sodium tablets are contraindicated in the setting of coronary artery bypass graft (CABG) surgery. ( 4 , 5.1 ) • NSAIDs cause an increased risk of serious gastrointestinal (GI) adverse events including bleeding, ulceration, and perforation of the stomach or intestines, which can be fatal. These events can occur at any time during use and without warning symptoms. Elderly patients and patients with a prior history of peptic ulcer disease and/or GI bleeding are at greater risk for serious GI events. ( 5.2 )",1 INDICATIONS AND USAGE Naproxen tablets and naproxen sodium tablets are indicated for: the relief of the signs and symptoms of: • rheumatoid arthritis • osteoarthritis • ankylosing spondylitis • Polyarticular Juvenile Idiopathic Arthritis Naproxen tablets and naproxen sodium tablets are also indicated for: the relief of signs and symptoms of: • tendonitis • bursitis • acute gout the management of: • pain • primary dysmenorrhea Naproxen tablets and naproxen sodium tablets are non-steroidal anti-
4,benzalkonium chloride,Kroger Antibacterial,BENZALKONIUM CHLORIDE,,,,None,Uses Hrlps eliminate bacteria on hands
5,salicylic acid,Replenix Gly-Sal 10-2 cleanser,SALICYLIC ACID,,,,None,Uses Skin cleanser for the treatment of acne.
6,trametinib,Mekinist,TRAMETINIB DIMETHYL SULFOXIDE,,,,None,"1 INDICATIONS AND USAGE MEKINIST is a kinase inhibitor indicated as a single agent for the treatment of BRAF-inhibitor treatment-naïve patients with unresectable or metastatic melanoma with BRAF V600E or V600K mutations as detected by an FDA-approved test. ( 1.1 , 2.1 ) MEKINIST is indicated, in combination with dabrafenib, for: the treatment of patients with unresectable or metastatic melanoma with BRAF V600E or V600K mutations as detected by an FDA-approved test. ( 1.1 , 2.1 ) the adjuvant tre"
7,glimepiride,Glimepiride,GLIMEPIRIDE,,,,None,"1 INDICATIONS & USAGE Glimepiride tablets are indicated as an adjunct to diet and exercise to improve glycemic control in adults with type 2 diabetes mellitus [ see Clinical Studies (14.1) ]. Limitations of Use Glimepiride tablets should not be used for the treatment of type 1 diabetes mellitus or diabetic ketoacidosis, as it would not be effective in these settings. Glimepiride tablets is a sulfonylurea indicated as an adjunct to diet and exercise to improve glycemic control in adults with type"
8,methocarbamol,Methocarbamol,METHOCARBAMOL,,,,None,"INDICATIONS AND USAGE Methocarbamol tablets, USP are indicated as an adjunct to rest, physical therapy, and other measures for the relief of discomfort associated with acute, painful musculoskeletal conditions. The mode of action of methocarbamol has not been clearly identified, but may be related to its sedative properties. Methocarbamol does not directly relax tense skeletal muscles in man."
9,hydrocortisone,anti itch,HYDROCORTISONE,,,,None,"Uses • temporarily relieves itching associated with minor skin irritations, inflammation, and rashes due to: • eczema • psoriasis • poison ivy, oak, sumac • insect bites • detergents • jewelry • cosmetics • soaps • seborrheic dermatitis • temporarily relieves external anal and genital itching • other uses of this product should only be under the advice and supervision of a doctor"
10,varenicline,Tyrvaya,VARENICLINE TARTRATE,,,,None,1 INDICATIONS AND USAGE TYRVAYA (varenicline solution) nasal spray is indicated for the treatment of the signs and symptoms of dry eye disease. TYRVAYA (varenicline solution) nasal spray is a cholinergic agonist indicated for the treatment of the signs and symptoms of dry eye disease. ( 1 )
11,"helianthemum nummularium flower, clematis vitalba flower, impatiens glandulifera flower, prunus cerasifera flower, ornithogalum umbellatum, and aesculus hippocastanum flower",Rescue Sleep,HELIANTHEMUM NUMMULARIUM FLOWER,,,,None,Use for relief of occasional sleeplessness caused by stress and repetitive thoughts
12,acetaminophen,TYLENOL Extra Strength,ACETAMINOPHEN,,,,None,Uses temporarily relieves minor aches and pains due to: the common cold headache backache minor pain of arthritis toothache muscular aches premenstrual and menstrual cramps temporarily reduces fever
13,glycerin,OASIS Tears Lubricant Eye,GLYCERIN,,,,None,Uses For the temporary relief of burning and irritation due to dryness of the eye For the temporary relief of discomfort due to minor irritations of the eye or to exposure to wind or sun For use as a protectant against further irritation or to relieve dryness of the eye
14,"benzocaine, resorcinol",Thera Plus Maximum Strength Feminine Anti-Itch,BENZOCAINE,,,,None,Uses temporarily relieves itching
15,tamsulosin hydrochloride,Tamsulosin Hydrochloride,TAMSULOSIN HYDROCHLORIDE,,,,None,1 INDICATIONS AND USAGE Tamsulosin hydrochloride capsules are indicated for the treatment of the signs and symptoms of benign prostatic hyperplasia (BPH) [see Clinical Studies (14) ] . Tamsulosin hydrochloride capsules are not indicated for the treatment of hypertension. Tamsulosin hydrochloride capsules are an alpha 1 adrenoceptor antagonist indicated for treatment of the signs and symptoms of benign prostatic hyperplasia (1) Tamsulosin hydrochloride capsules are not indicated for the treatment
16,aluminum chlorohydrate,Roll On Anti-Perspirant (Alcohol Free),ALUMINUM CHLOROHYDRATE,,,,None,Use Reduces underarm wetness.
17,betamethasone dipropionate,Betamethasone Dipropionate,BETAMETHASONE DIPROPIONATE,,,,None,INDICATIONS AND USAGE Topical corticosteroids are indicated for the relief of the inflammatory and pruritic manifestations of corticosteroid-responsive dermatoses.
19,calcium acetate,Calcium Acetate,CALCIUM ACETATE,,,,None,1 INDICATIONS AND USAGE Calcium acetate is a phosphate binder indicated to reduce serum phosphorus in patients with end stage renal disease (ESRD). Calcium acetate is a phosphate binder indicated for the reduction of serum phosphorus in patients with end stage renal disease. ( 1 )
20,sacubitril and valsartan,ENTRESTO,SACUBITRIL,,,,"WARNING: FETAL TOXICITY When pregnancy is detected, discontinue ENTRESTO as soon as possible (5.1) Drugs that act directly on the renin-angiotensin system can cause injury and death to the developing fetus (5.1) WARNING: FETAL TOXICITY See full prescribing information for complete boxed warning. When pregnancy is detected, discontinue ENTRESTO as soon as possible. ( 5.1 ) Drugs that act directly on the renin-angiotensin system can cause injury and death to the developing fetus. ( 5.1 )","1 INDICATIONS AND USAGE ENTRESTO is a combination of sacubitril, a neprilisin inhibitor, and valsartan, an angiotensin II receptor blocker, and is indicated: to reduce the risk of cardiovascular death and hospitalization for heart failure in adult patients with chronic heart failure. Benefits are most clearly evident in patients with left ventricular ejection fraction (LVEF) below normal. ( 1.1 ) for the treatment of symptomatic heart failure with systemic left ventricular systolic dysfunction i"
21,petrolatum and lanolin,VERADEX-E,PETROLATUM,,,,None,"Indications: Temporarily relieves minor burns, dry, chapped, fissured and macerated skin and lips, also relieves Psoriais, Eczema, mild sunburn, abrasions and contusions, diaper dermatitis, hemorrhoids, and prickly heat."
22,etodolac,Etodolac,ETODOLAC,,,,"Cardiovascular Thrombotic Events Nonsteroidal anti-inflammatory drugs (NSAIDs) cause an increased risk of serious cardiovascular thrombotic events, including myocardial infarction and stroke, which can be fatal. This risk may occur early in treatment and may increase with duration of use (see WARNINGS and PRECAUTIONS ) . Etodolac is contraindicated in the setting of coronary artery bypass graft (CABG) surgery (see CONTRAINDICATIONS and WARNINGS ). Gastrointestinal Risk NSAIDs cause an increased risk of serious gastrointestinal adverse events including bleeding, ulceration, and perforation of the stomach or intestines, which can be fatal. These events can occur at any time during use and without warning symptoms. Elderly patients are at a greater risk for serious gastrointestinal (GI) events (see WARNINGS ).","INDICATIONS AND USAGE Carefully consider the potential benefits and risks of etodolac and other treatment options before deciding to use etodolac. Use the lowest effective dose for the shortest duration consistent with individual patient treatment goals (see WARNINGS ). Etodolac tablets, USP are indicated: For acute and long-term use in the management of signs and symptoms of the following: Osteoarthritis Rheumatoid arthritis For the management of acute pain"
24,sodium fluoride,Colgate Max Fresh Cool Mint,SODIUM FLUORIDE,,,,None,Use helps protect against cavities
25,sertraline hydrochloride,Sertraline Hydrochloride,SERTRALINE HYDROCHLORIDE,,,,"BOXED WARNING Suicidality and Antidepressant Drugs Antidepressants increased the risk compared to placebo of suicidal thinking and behavior (suicidality) in children, adolescents, and young adults in short-term studies of major depressive disorder (MDD) and other psychiatric disorders. Anyone considering the use of Sertraline hydrochloride or any other antidepressant in a child, adolescent, or young adult must balance this risk with the clinical need. Short-term studies did not show an increase in the risk of suicidality with antidepressants compared to placebo in adults beyond age 24; there was a reduction in risk with antidepressants compared to placebo in adults aged 65 and older. Depression and certain other psychiatric disorders are themselves associated with increases in the risk of suicide. Patients of all ages who are started on antidepressant therapy should be monitored appropriately and observed closely for clinical worsening, suicidality, or unusual changes in behavior. Families and caregivers should be advised of the need for close observation and communication with the prescriber. Sertraline hydrochloride tablets are not approved for the treatment of major depressive disorder in pediatric patients. (See WARNINGS:Clinical Worsening and Suicide Risk , PRECAUTIONS:Information for Patients , and PRECAUTIONS:Pediatric Use ).",INDICATIONS AND USAGE Major Depressive Disorder – Sertraline hydrochloride is indicated for the treatment of major depressive disorder in adults. The efficacy of Sertraline hydrochloride in the treatment of a major depressive episode was established in six to eight week controlled trials of adult outpatients whose diagnoses corresponded most closely to the DSM-III category of major depressive disorder (see Clinical Trials under CLINICAL PHARMACOLOGY ). A major depressive episode implies a promin
27,esomeprazole magnesium,Esomeprazole Magnesium,ESOMEPRAZOLE MAGNESIUM,,,,None,1 INDICATIONS AND USAGE Esomeprazole magnesium delayed-release capsules are a proton pump inhibitor (PPI). Esomeprazole magnesium delayed-release capsules are indicated for the: · Short-term treatment in the healing of erosive esophagitis (EE) in adults and pediatric patients 12 years to 17 years of age. ( 1.1 ) · Maintenance of healing of EE in adults. ( 1.2 ) · Short-term treatment of heartburn and other symptoms associated GERD in adults and pediatric patients 12 years to 17 years of age. ( 1
28,"octisalate, titanium dioxide",Dior Backstage Glow-Up Skin Tint Tinted Moisturizer SPF 20 9N Neutral,OCTISALATE,,,,None,"Uses Helps prevent sunburn. If used as directed with other sun protection measures ( see Directions ), decreases the risk of skin cancer and early skin aging caused by the sun."
29,polyethylene glycol 400,Foster and Thrive Dry Eye Relief,POLYETHYLENE GLYCOL 400,,,,None,Uses for protection against further irritation for temporary relief of burning and irritation due to dryness of the eye
30,"polyethylene glycol 400, tetrahydrozoline hcl",Foster and Thrive Advanced Relief Eye Drops,TETRAHYDROZOLINE HYDROCHLORIDE,,,,None,Uses relieves redness of the eye due to minor eye irritations as a lubricant to prevent further irritation or to relieve dryness of the eye
31,isopropyl alcohol,Dollar General,ISOPROPYL ALCOHOL,,,,None,"Uses first aid to help prevent the risk of infection in minor cuts, scrapes, and burns"
32,fludrocortisone acetate,Fludrocortisone Acetate,FLUDROCORTISONE ACETATE,,,,None,"INDICATIONS AND USAGE Fludrocortisone acetate tablets, 0.1 mg are indicated as partial replacement therapy for primary and secondary adrenocortical insufficiency in Addison's disease and for the treatment of salt-losing adrenogenital syndrome."
33,lacosamide,LACOSAMIDE,LACOSAMIDE,,,,None,"1 INDICATIONS AND USAGE Lacosamide injection is indicated for: Treatment of partial-onset seizures in patients 17 years of age and older ( 1.1 ) 1.1 Partial-Onset Seizures Lacosamide injection is indicated for the treatment of partial-onset seizures in patients 17 years of age and older. Pediatric use information is approved for UCB, Inc.’s VIMPAT ® (lacosamide) injection. However, due to UCB, Inc.’s marketing exclusivity rights, this drug product is not labeled with that pediatric information."
35,naproxen sodium 220mg,Naproxen Sodium 220mg,NAPROXEN SODIUM,,,,None,Uses temporarily relieves minor aches and pains due to: minor pain of arthritis muscular aches backache menstrual cramps headache toothache the common cold temporarily reduces fever
36,chloroxylenol,Sierrasoft Clear Antibacterial Wash Foam,CHLOROXYLENOL,,,,None,Uses For handwashing to reduce bacteria on the skin
37,carbamide peroxide,Leader Earwax Removal Drops Earwax Removal Aid,CARBAMIDE PEROXIDE,,,,None,"Uses for occasional use as an aid to soften, loosen, and remove excessive earwax"
38,amphetamine sulfate,Amphetamine Sulfate,AMPHETAMINE SULFATE,,,,"WARNING: ABUSE, MISUSE, AND ADDICTION Amphetamine sulfate tablets have a high potential for abuse and misuse, which can lead to the development of a substance use disorder, including addiction. Misuse and abuse of CNS stimulants, including amphetamine sulfate, can result in overdose and death ( see OVERDOSAGE ), and this risk is increased with higher doses or unapproved methods of administration, such as snorting or injection. Before prescribing amphetamine sulfate tablets, assess each patient’s risk for abuse, misuse, and addiction. Educate patients and their families about these risks, proper storage of the drug, and proper disposal of any unused drug. Throughout amphetamine sulfate tablets treatment, reassess each patient’s risk of abuse, misuse, and addiction and frequently monitor for signs and symptoms of abuse, misuse, and addiction ( see WARNINGS and DRUG ABUSE AND DEPENDENCE ).","INDICATIONS AND USAGE Amphetamine sulfate tablets are indicated for: Narcolepsy Attention Deficit Disorder with Hyperactivity as an integral part of a total treatment program which typically includes other remedial measures (psychological, educational, social) for a stabilizing effect in children with behavioral syndrome characterized by the following group of developmentally inappropriate symptoms: moderate to severe distractibility, short attention span, hyperactivity, emotional lability, and "
39,even tone plus niacinamide apple blossom and mango butter dry spray 72h antiperspirant deodorant,Dove,ALUMINUM SESQUICHLOROHYDRATE,,,,None,Uses • reduces underarm wetness
40,even tone plus niacinamide peach blossom and rice milk dry spray 72h antiperspirant deodorant,Dove,ALUMINUM SESQUICHLOROHYDRATE,,,,None,Uses • reduces underarm wetness
41,even tone plus niacinamide shea butter and vanilla dry spray 72h antiperspirant deodorant,Dove,ALUMINUM SESQUICHLOROHYDRATE,,,,None,Uses • reduces underarm wetness
42,"bellis perennis, hypericum perfomatum,toxicodendron pubscens leaf, ruta graveolens flowering top",Sports For Trauma Gel,BELLIS PERENNIS,,,,None,"Indications & Usage Temporarily relieves deep muscle and back pain, stiffness, and swelling associated with overexertion, sprains, falls, blows, and minor sports injuries. Relieves joint and tendon pain and inflammation."
43,"avobenzone, homosalate, octisalate, and octocrylene",SHISEIDO ULTIMATE SUN PROTECTOR,AVOBENZONE,,,,None,"Uses helps prevent sunburn if used as directed with other sun protection measures (see Directions ), decreases the risk of skin cancer and early skin aging caused by the sun"
45,zinc oxide,ISA KNOX ANEW SOLAIRE EVERYDAY MINERAL FACE PROTECTION BROAD SPECTRUM SPF 50 SUNSCREEN,ZINC OXIDE,,,,None,"USES helps prevent sunburn if used as directed with other sun protection measures (see Directions ), decreases the risk of skin cancer and early skin aging caused by the sun"
46,famotidine,Famotidine,FAMOTIDINE,,,,None,"1 INDICATIONS AND USAGE Famotidine tablets are indicated in adult and pediatric patients 40 kg and greater for the treatment of: • active duodenal ulcer (DU). • active gastric ulcer (GU). • symptomatic nonerosive gastroesophageal reflux disease (GERD). • erosive esophagitis due to GERD, diagnosed by biopsy. Famotidine tablets are indicated in adults for the: • treatment of pathological hypersecretory conditions (e.g., Zollinger-Ellison syndrome, multiple endocrine neoplasias). • reduction of the"
47,menthol,CAREALL Musle and Joint,MENTHOL,,,,None,"For the temporary relief of minor aches and pains of muscles and joints associated with simple backache, arthritis, sprains, and bruises"
49,"camphor, menthol",Dragon Pain Relieving Balm,MENTHOL,,,,None,Uses For the temporary relief of minor aches and pains of muscles and joints associated with simple backache arthritis strains bruises sprains
51,aluminium fluoratum,Aluminium Fluoratum,ALUMINUM FLUORIDE,,,,None,N/A
52,tetrahydrozoline hcl,Foster and Thrive Original Formula Eye Drops,TETRAHYDROZOLINE HYDROCHLORIDE,,,,None,Use relieves redness of the eye due to minor eye irritations
54,olanzapine,Olanzapine,OLANZAPINE,,,,"WARNING: INCREASED MORTALITY IN ELDERLY PATIENTS WITH DEMENTIA-RELATED PSYCHOSIS Elderly patients with dementia-related psychosis treated with antipsychotic drugs are at an increased risk of death. Analyses of seventeen placebo-controlled trials (modal duration of 10 weeks), largely in patients taking atypical antipsychotic drugs, revealed a risk of death in drug-treated patients of between 1.6 to 1.7 times the risk of death in placebo-treated patients. Over the course of a typical 10-week controlled trial, the rate of death in drug-treated patients was about 4.5%, compared to a rate of about 2.6% in the placebo group. Although the causes of death were varied, most of the deaths appeared to be either cardiovascular (e.g., heart failure, sudden death) or infectious (e.g., pneumonia) in nature. Observational studies suggest that, similar to atypical antipsychotic drugs, treatment with conventional antipsychotic drugs may increase mortality. The extent to which the findings of increased mortality in observational studies may be attributed to the antipsychotic drug as opposed to some characteristic(s) of the patients is not clear. ZYPREXA (olanzapine) is not approved for the treatment of patients with dementia-related psychosis [see Warnings and Precautions ( 5.1 ), Use in Specific Populations ( 8.5 ), and Patient Counseling Information ( 17 )] . When using olanzapine and fluoxetine in combination, also refer to the Boxed Warning section of the package insert for Symbyax. WARNING: INCREASED MORTALITY IN ELDERLY PATIENTS WITH DEMENTIA-RELATED PSYCHOSIS See full prescribing information for complete boxed warning. Elderly patients with dementia-related psychosis treated with antipsychotic drugs are at an increased risk of death. Olanzapine is not approved for the treatment of patients with dementia-related psychosis. ( 5.1 , 8.5 , 17 ) When using olanzapine and fluoxetine in combination, also refer to the Boxed Warning section of the package insert for Symbyax.",1 INDICATIONS AND USAGE Olanzapine is an atypical antipsychotic indicated: As oral formulation for the: Treatment of schizophrenia. ( 1.1 ) Adults: Efficacy was established in three clinical trials in patients with schizophrenia: two 6-week trials and one maintenance trial. ( 14.1 ) Adolescents (ages 13-17): Efficacy was established in one 6-week trial in patients with schizophrenia ( 14.1 ). The increased potential (in adolescents compared with adults) for weight gain and dyslipidemia may lead 
55,eculizumab-aeeb,BKEMV,ECULIZUMAB,,,,"WARNING: SERIOUS MENINGOCOCCAL INFECTIONS Eculizumab products, complement inhibitors, increase the risk of serious infections caused by Neisseria meningitidis [see Warnings and Precautions (5.1) ] . Life-threatening and fatal meningococcal infections have occurred in patients treated with complement inhibitors. These infections may become rapidly life-threatening or fatal if not recognized and treated early. Complete or update vaccination for meningococcal bacteria (for serogroups A, C, W, Y, and B) at least 2 weeks prior to the first dose of BKEMV, unless the risks of delaying therapy with BKEMV outweigh the risk of developing a serious infection. Comply with the most current Advisory Committee on Immunization Practices (ACIP) recommendations for vaccinations against meningococcal bacteria in patients receiving a complement inhibitor. See Warnings and Precautions (5.1) for additional guidance on the management of the risk of serious infections caused by meningococcal bacteria. Patients receiving eculizumab products are at increased risk for invasive disease caused by Neisseria meningitidis , even if they develop antibodies following vaccination. Monitor patients for early signs and symptoms of serious meningococcal infections and evaluate immediately if infection is suspected. Because of the risk of serious meningococcal infections, BKEMV is available only through a restricted program under a Risk Evaluation and Mitigation Strategy (REMS) called BKEMV REMS [see Warnings and Precautions (5.2) ] . WARNING: SERIOUS MENINGOCOCCAL INFECTIONS See full prescribing information for complete boxed warning Eculizumab products increase the risk of serious and life-threatening infections caused by Neisseria meningitidis . Complete or update meningococcal vaccination at least 2 weeks prior to the first dose of BKEMV, unless the risks of delaying BKEMV outweigh the risk of developing a serious infection. Comply with the most current Advisory Committee on Immunization Practices (ACIP) recommendations for meningococcal vaccination in patients receiving a complement inhibitor. ( 5.1 ) Patients receiving eculizumab products are at increased risk for invasive disease caused by N. meningitidis , even if they develop antibodies following vaccination. Monitor patients for early signs and symptoms of meningococcal infections and evaluate immediately if infection is suspected. ( 5.1 ) BKEMV is available only through a restricted program called BKEMV REMS. ( 5.2 )",1 INDICATIONS AND USAGE BKEMV is a complement inhibitor indicated for: The treatment of patients with paroxysmal nocturnal hemoglobinuria (PNH) to reduce hemolysis. ( 1.1 ) The treatment of patients with atypical hemolytic uremic syndrome (aHUS) to inhibit complement-mediated thrombotic microangiopathy. ( 1.2 ) Limitation of Use BKEMV is not indicated for the treatment of patients with Shiga toxin E. coli related hemolytic uremic syndrome (STEC-HUS). The treatment of generalized myasthenia gravi
56,"adenosine, niacinamide",PETITCOCHON TONE UP BODY SUN,ADENOSINE,,,,None,"How to use; At the last stage of basic care, apply an appropriate amount to the face, neck, arms, and legs that are easily exposed to UV rays."
57,aluminium nitricum,Aluminium Nitricum,ALUMINUM NITRATE,,,,None,N/A
58,nitisinone,NITYR,NITISINONE,,,,None,1 INDICATIONS AND USAGE NITYR ® is indicated for the treatment of adult and pediatric patients with hereditary tyrosinemia type 1 (HT-1) in combination with dietary restriction of tyrosine and phenylalanine. NITYR is a hydroxyphenyl-pyruvate dioxygenase inhibitor indicated for the treatment of adult and pediatric patients with hereditary tyrosinemia type 1 (HT-1) in combination with dietary restriction of tyrosine and phenylalanine. ( 1 )
59,"garlic, avena sativa flowering top, angelica archangelica root, arabica coffee bean, holy basil leaf, passiflora edulis flower, scutellaria lateriflora whole, verbena hastata top, and macropiper methysticum root",Calm Mood,GARLIC,,,,None,Uses for the temporary relief of nervousness and tension associated with stress or occasional anxiety.
60,ropinirole,ropinirole,ROPINIROLE HYDROCHLORIDE,,,,None,"1 INDICATIONS AND USAGE Ropinirole tablets are a non-ergoline dopamine agonist indicated for the treatment of Parkinson’s disease (PD) and moderate-to-severe primary Restless Legs Syndrome (RLS). ( 1.1 , 1.2 ) 1.1 Parkinson's Disease Ropinirole tablets are indicated for the treatment of Parkinson’s disease. 1.2 Restless Legs Syndrome Ropinirole tablets are indicated for the treatment of moderate-to-severe primary Restless Legs Syndrome (RLS)."
61,"titanium dioxide, zinc oxide",Neutrogena Mineral Invisible Daily Defense Face Sunscreen Broad Spectrum SPF 30,TITANIUM DIOXIDE,,,,None,"Uses helps prevent sunburn if used as directed with other sun protection measures (see Directions ), decreases the risk of skin cancer and early skin aging caused by the sun"
62,"ascorbic acid, sodium fluoride, vitamin a and vitamin d",Tri-Vite Drops with Fluoride,VITAMIN A,,,,None,"INDICATIONS AND USAGE Supplementation of the diet with vitamins A, C and D. Tri-Vite Drops with Fluoride 0.25 mg also provides fluoride for caries prophylaxis. The American Academy of Pediatrics recommends that children up to age 16, in areas where drinking water contains less than optimal levels of fluoride, receive daily fluoride supplementation. The American Academy of Pediatrics recommend that infants and young children 6 months to 3 years of age, in areas where the drinking water contains l"
63,ondansetron hydrochloride,Ondansetron Hydrochloride,ONDANSETRON HYDROCHLORIDE,,,,None,"1 INDICATIONS AND USAGE Ondansetron tablets are indicated for the prevention of nausea and vomiting associated with: highly emetogenic cancer chemotherapy, including cisplatin greater than or equal to 50 mg/m 2 initial and repeat courses of moderately emetogenic cancer chemotherapy radiotherapy in patients receiving either total body irradiation, single high-dose fraction to the abdomen, or daily fractions to the abdomen Ondansetron tablets are also indicated for the prevention of postoperative "
64,"avobenzone, octinoxate, octisalate, octocrylene",MediChoice Moisturizing Lip Balm SPF15,AVOBENZONE,,,,None,Uses Helps prevent sunburn
65,azithromycin,azithromycin,AZITHROMYCIN DIHYDRATE,,,,None,1 INDICATIONS AND USAGE Azithromycin tablet is a macrolide antibacterial drug indicated for treatment of patients with mild to moderate infections caused by susceptible strains of the designated microorganisms in the specific conditions listed below: Acute bacterial exacerbations of chronic bronchitis in adults ( 1.1 ) Acute bacterial sinusitis in adults ( 1.1 ) Uncomplicated skin and skin structure infections in adults ( 1.1 ) Urethritis and cervicitis in adults ( 1.1 ) Genital ulcer disease in
66,divalproex sodium,Divalproex Sodium,DIVALPROEX SODIUM,,,,"WARNING: LIFE THREATENING ADVERSE REACTIONS Hepatotoxicity General Population: Hepatic failure resulting in fatalities has occurred in patients receiving valproate and its derivatives. These incidents usually have occurred during the first six months of treatment. Serious or fatal hepatotoxicity may be preceded by non-specific symptoms such as malaise, weakness, lethargy, facial edema, anorexia, and vomiting. In patients with epilepsy, a loss of seizure control may also occur. Patients should be monitored closely for appearance of these symptoms. Serum liver tests should be performed prior to therapy and at frequent intervals thereafter, especially during the first six months [see Warnings and Precautions (5.1) ] . Children under the age of two years are at a considerably increased risk of developing fatal hepatotoxicity, especially those on multiple anticonvulsants, those with congenital metabolic disorders, those with severe seizure disorders accompanied by mental retardation, and those with organic brain disease. When divalproex sodium extended-release tablets are used in this patient group, it should be used with extreme caution and as a sole agent. The benefits of therapy should be weighed against the risks. The incidence of fatal hepatotoxicity decreases considerably in progressively older patient groups. Patients with Mitochondrial Disease: There is an increased risk of valproate-induced acute liver failure and resultant deaths in patients with hereditary neurometabolic syndromes caused by DNA mutations of the mitochondrial DNA Polymerase γ (POLG) gene (e.g., Alpers Huttenlocher Syndrome). Divalproex sodium extended-release tablets are contraindicated in patients known to have mitochondrial disorders caused by POLG mutations and children under two years of age who are clinically suspected of having a mitochondrial disorder [see Contraindications (4) ] . In patients over two years of age who are clinically suspected of having a hereditary mitochondrial disease, divalproex sodium extended-release tablets should only be used after other anticonvulsants have failed. This older group of patients should be closely monitored during treatment with divalproex sodium extended-release tablets for the development of acute liver injury with regular clinical assessments and serum liver testing. POLG mutation screening should be performed in accordance with current clinical practice [see Warnings and Precautions (5.1) ] . Fetal Risk Valproate can cause major congenital malformations, particularly neural tube defects (e.g., spina bifida). In addition, valproate can cause decreased IQ scores and neurodevelopmental disorders following in utero exposure. Valproate is therefore contraindicated for prophylaxis of migraine headaches in pregnant women and in women of childbearing potential who are not using effective contraception [see Contraindications (4) ] . Valproate should not be used to treat women with epilepsy or bipolar disorder who are pregnant or who plan to become pregnant unless other medications have failed to provide adequate symptom control or are otherwise unacceptable. Valproate should not be administered to a woman of childbearing potential unless other medications have failed to provide adequate symptom control or are otherwise unacceptable. In such situations, effective contraception should be used [see Warnings and Precautions (5.2 , 5.3 , 5.4 )] . A Medication Guide describing the risks of valproate is available for patients [see Patient Counseling Information (17) ]. Pancreatitis Cases of life-threatening pancreatitis have been reported in both children and adults receiving valproate. Some of the cases have been described as hemorrhagic with a rapid progression from initial symptoms to death. Cases have been reported shortly after initial use as well as after several years of use. Patients and guardians should be warned that abdominal pain, nausea, vomiting, and/or anorexia can be symptoms of pancreatitis that require prompt medical evaluation. If pancreatitis is diagnosed, valproate should ordinarily be discontinued. Alternative treatment for the underlying medical condition should be initiated as clinically indicated [see Warnings and Precautions (5.5) ] . WARNING: LIFE THREATENING ADVERSE REACTIONS See full prescribing information for complete boxed warning • Hepatotoxicity, including fatalities, usually during the first 6 months of treatment. Children under the age of two years and patients with mitochondrial disorders are at higher risk. Monitor patients closely, and perform serum liver testing prior to therapy and at frequent intervals thereafter ( 5.1 ) • Fetal Risk, particularly neural tube defects, other major malformations, and decreased IQ ( 5.2 , 5.3 , 5.4 ) • Pancreatitis, including fatal hemorrhagic cases ( 5.5 )","1 INDICATIONS AND USAGE Divalproex sodium extended-release tablets are indicated for: • Acute treatment of manic or mixed episodes associated with bipolar disorder, with or without psychotic features ( 1.1 ) • Monotherapy and adjunctive therapy of complex partial seizures and simple and complex absence seizures; adjunctive therapy in patients with multiple seizure types that include absence seizures ( 1.2 ) • Prophylaxis of migraine headaches ( 1.3 ) 1.1 Mania Divalproex sodium extended-release "
67,metoclopramide,Metoclopramide,METOCLOPRAMIDE HYDROCHLORIDE,,,,"WARNING: TARDIVE DYSKINESIA Treatment with metoclopramide can cause tardive dyskinesia, a serious movement disorder that is often irreversible. The risk of developing tardive dyskinesia increases with duration of treatment and total cumulative dose. Metoclopramide therapy should be discontinued in patients who develop signs or symptoms of tardive dyskinesia. There is no known treatment for tardive dyskinesia. In some patients, symptoms may lessen or resolve after metoclopramide treatment is stopped. Treatment with metoclopramide for longer than 12 weeks should be avoided in all but rare cases where therapeutic benefit is thought to outweigh the risk of developing tardive dyskinesia. See WARNINGS","INDICATIONS AND USAGE The use of Metoclopramide Oral Solution is recommended for adults only. Therapy should not exceed 12 weeks in duration. Symptomatic Gastroesophageal Reflux Metoclopramide Oral Solution is indicated as short-term (4 to 12 weeks) therapy for adults with symptomatic, documented gastroesophageal reflux who fail to respond to conventional therapy. The principal effect of metoclopramide is on symptoms of post-prandial and daytime heartburn with less observed effect on nocturnal s"
68,even tone plus niacinamide peach blossom and rice milk antiperspirant deodorant,Dove,ALUMINUM ZIRCONIUM TETRACHLOROHYDREX GLY,,,,None,Uses • reduces underarm wetness
69,even tone plus niacinamide apple blossom and mango butter antiperspirant deodorant,Dove,ALUMINUM ZIRCONIUM TETRACHLOROHYDREX GLY,,,,None,Uses • reduces underarm wetness
70,even tone plus niacinamide shea butter and vanilla antiperspirant deodorant,Dove,ALUMINUM ZIRCONIUM TETRACHLOROHYDREX GLY,,,,None,Uses • reduces underarm wetness
72,even tone plus niacinamide rosewood and powder antiperspirant deodorant,Dove,ALUMINUM ZIRCONIUM TETRACHLOROHYDREX GLY,,,,None,Uses • reduces underarm wetness
73,diphenhydramine hcl,Allergy Relief,DIPHENHYDRAMINE HYDROCHLORIDE,,,,None,"Uses temporarily relieves these symptoms due to hay fever or other upper respiratory allergies: itchy, watery eyes sneezing runny nose itching of the nose or throat temporarily relieves these symptoms due to the common cold: sneezing runny nose"
74,lamotrigine,Lamotrigine,LAMOTRIGINE,,,,"WARNING: SERIOUS SKIN RASHES Lamotrigine can cause serious rashes requiring hospitalization and discontinuation of treatment. The incidence of these rashes, which have included Stevens-Johnson syndrome, is approximately 0.3% to 0.8% in pediatric patients (aged 2 to 17 years) and 0.08% to 0.3% in adults receiving lamotrigine. One rash-related death was reported in a prospectively followed cohort of 1,983 pediatric patients (aged 2 to 16 years) with epilepsy taking lamotrigine as adjunctive therapy. In worldwide postmarketing experience, rare cases of toxic epidermal necrolysis and/or rash-related death have been reported in adult and pediatric patients, but their numbers are too few to permit a precise estimate of the rate. In addition to age, factors that may increase the risk of occurrence or the severity of rash caused by lamotrigine include (1) coadministration of lamotrigine with valproate (includes valproic acid and divalproex sodium), (2) exceeding the recommended initial dose of lamotrigine, (3) exceeding the recommended dose escalation for lamotrigine, or (4) the presence of the HLA-B*1502 allele However, cases have occurred in the absence of these factors. Nearly all cases of life-threatening rashes caused by lamotrigine have occurred within 2 to 8 weeks of treatment initiation. However, isolated cases have occurred after prolonged treatment (e.g., 6 months). Accordingly, duration of therapy cannot be relied upon as means to predict the potential risk heralded by the first appearance of a rash. Although benign rashes are also caused by lamotrigine, it is not possible to predict reliably which rashes will prove to be serious or life threatening. Accordingly, lamotrigine should ordinarily be discontinued at the first sign of rash, unless the rash is clearly not drug related. Discontinuation of treatment may not prevent a rash from becoming life threatening or permanently disabling or disfiguring [see Warnings and Precautions (5.1) ]. WARNING: SERIOUS SKIN RASHES See full prescribing information for complete boxed warning. Cases of life-threatening serious rashes, including Stevens-Johnson syndrome and toxic epidermal necrolysis, and/or rash-related death have been caused by lamotrigine. The rate of serious rash is greater in pediatric patients than in adults. Additional factors that may increase the risk of rash include: coadministration with valproate. exceeding recommended initial dose of lamotrigine. exceeding recommended dose escalation for lamotrigine. presence of the HLA-B*1502 allele. ( 5.1 ) Benign rashes are also caused by lamotrigine; however, it is not possible to predict which rashes will prove to be serious or life threatening. Lamotrigine should be discontinued at the first sign of rash, unless the rash is clearly not drug related. ( 5.1 )","1 INDICATIONS AND USAGE Lamotrigine orally disintegrating tablets are indicated for: Epilepsy—adjunctive therapy in patients aged 2 years and older : partial-onset seizures. primary generalized tonic-clonic (PGTC) seizures. generalized seizures of Lennox-Gastaut syndrome. ( 1.1 ) Epilepsy—monotherapy in patients aged 16 years and older : Conversion to monotherapy in patients with partial-onset seizures who are receiving treatment with carbamazepine, phenytoin, phenobarbital, primidone, or valpro"
75,first aid burn cream,First Aid Burn Cream,LIDOCAINE HYDROCHLORIDE,,,,None,Use(s) For the temporary relief of pain and itching associated with: • Sunburn • Minor burns • Insect bites • Cuts • Scrapes
76,loratadine,allergy relief,LORATADINE,,,,None,"Uses temporarily relieves these symptoms due to hay fever or other upper respiratory allergies: • runny nose • itchy, watery eyes • sneezing • itching of the nose or throat"
77,cisplatin,Cisplatin,CISPLATIN,,,,"WARNING Cisplatin should be administered under the supervision of a qualified physician experienced in the use of cancer chemotherapeutic agents. Appropriate management of therapy and complications is possible only when adequate diagnostic and treatment facilities are readily available. Cumulative renal toxicity associated with cisplatin is severe. Other major dose-related toxicities are myelosuppression, nausea, and vomiting. Ototoxicity, which may be more pronounced in children, and is manifested by tinnitus, and/or loss of high frequency hearing and occasionally deafness, is significant. Anaphylactic-like reactions to cisplatin have been reported. Facial edema, bronchoconstriction, tachycardia, and hypotension may occur within minutes of cisplatin administration. Epinephrine, corticosteroids, and antihistamines have been effectively employed to alleviate symptoms (see WARNINGS and ADVERSE REACTIONS ). Exercise caution to prevent inadvertent cisplatin overdose . Doses greater than 100 mg/m 2 /cycle once every 3 to 4 weeks are rarely used. Care must be taken to avoid inadvertent cisplatin overdose due to confusion with carboplatin or prescribing practices that fail to differentiate daily doses from total dose per cycle.",INDICATIONS AND USAGE Cisplatin Injection is indicated as therapy to be employed as follows: Metastatic Testicular Tumors In established combination therapy with other approved chemotherapeutic agents in patients with metastatic testicular tumors who have already received appropriate surgical and/or radio therapeutic procedures. Metastatic Ovarian Tumors In established combination therapy with other approved chemotherapeutic agents in patients with metastatic ovarian tumors who have already rece
78,"octinoxate, oxybenzone",Artistry Youth Xtend Lifting Smoothing Foundation Shade Chiffon L2C1,OCTINOXATE,,,,None,Uses Helps prevent sunburn
80,magnesium hydroxide,MILK OF MAGNESIA,MAGNESIUM HYDROXIDE,,,,None,Uses relieves occasional constipation (irregularity) generally produces bowel movement in 1/2 to 6 hours
81,nicotine polacrilex,Nicotine,NICOTINE,,,,None,"Use reduces withdrawal symptoms, including nicotine craving, associated with quitting smoking"
82,pyrithione zinc,Clean Apple,PYRITHIONE ZINC,,,,None,Use helps prevent recurrence of flaking and itching associated with dandruff
84,amlodipine besylate,Amlodipine Besylate,AMLODIPINE BESYLATE,,,,None,"1 INDICATIONS & USAGE Amlodipine besylate tablets is a calcium channel blocker and may be used alone or in combination with other antihypertensive and antianginal agents for the treatment of: • Hypertension () • Amlodipine besylate tablets is indicated for the treatment of hypertension, to lower blood pressure. Lowering blood pressure reduces the risk of fatal and nonfatal cardiovascular events, primarily strokes and myocardial infarctions. • Coronary Artery Disease () • Chronic Stable Angina • "
85,sunscreen,Private Label Moisturizing Oil Free Paraben Free SPF43,ZINC OXIDE,,,,None,"Uses Helps prevent sunbrun an dphoto damage caused by UVA/UVB exposure. If used as directed with other sun protection measures (see directions) , decreases the risk of skin cancer and early skin aging caused by the sun."
86,aluminium phosphoricum,Aluminium Phosphoricum,ALUMINUM PHOSPHATE,,,,None,N/A
87,perphenazine,perphenazine,PERPHENAZINE,,,,"WARNING Increased Mortality in Elderly Patients with Dementia-Related Psychosis Elderly patients with dementia-related psychosis treated with antipsychotic drugs are at an increased risk of death. Analyses of seventeen placebo-controlled trials (modal duration of 10 weeks), largely in patients taking atypical antipsychotic drugs, revealed a risk of death in drug-treated patients of between 1.6 to 1.7 times the risk of death in placebo-treated patients. Over the course of a typical 10-week controlled trial, the rate of death in drug-treated patients was about 4.5%, compared to a rate of about 2.6% in the placebo group. Although the causes of death were varied, most of the deaths appeared to be either cardiovascular (e.g., heart failure, sudden death) or infectious (e.g., pneumonia) in nature. Observational studies suggest that, similar to atypical antipsychotic drugs, treatment with conventional antipsychotic drugs may increase mortality. The extent to which the findings of increased mortality in observational studies may be attributed to the antipsychotic drug as opposed to some characteristic(s) of the patients is not clear. Perphenazine tablets, USP are not approved for the treatment of patients with dementia-related psychosis ( see WARNINGS ).","INDICATIONS AND USAGE Perphenazine tablets, USP are indicated for use in the treatment of schizophrenia and for the control of severe nausea and vomiting in adults. Perphenazine tablets, USP have not been shown effective for the management of behavioral complications in patients with mental retardation."
89,"polyethylene glycol 400, propylene glycol",Foster and Thrive Long Lasting Lubricant Eye Drops,PROPYLENE GLYCOL,,,,None,Use for the temporary relief of burning and irritation due to dryness if the eye
90,"glycerin, naphazoline hcl",Foster and Thrive Redness Relief Eye Drops,NAPHAZOLINE HYDROCHLORIDE,,,,None,Uses relieves redness of the eye due to minor eye irritations for use as a protectant against further irritation or to relieve dryness of the eye for the temporary relief of burning and irritation due to dryness of the eye
91,alcohol,Instant Hand Sanitizer,ALCOHOL,,,,None,Uses for handwashing to decrease bacteria on skin recommended for repeated use
92,"acetaminophen, dextromethorphan hbr, phenylephrine hcl",Good Sense Daytime non drowsy cold and flu,ACETAMINOPHEN,,,,None,Uses • temporarily relieves common cold/flu symptoms: • cough due to minor throat and bronchial irritation • nasal congestion • minor aches and pains • sore throat • headache • fever
93,rivastigmine tartrate,Rivastigmine Tartrate,RIVASTIGMINE TARTRATE,,,,None,1 INDICATIONS AND USAGE Rivastigmine tartrate capsules are an acetylcholinesterase inhibitor indicated for treatment of: Mild-to-moderate dementia of the Alzheimer’s type (AD) (1.1) Mild-to-moderate dementia associated with Parkinson’s disease (PD) (1.2) 1.1 Alzheimer’s Disease Rivastigmine tartrate capsules are indicated for the treatment of mild-to-moderate dementia of the Alzheimer's type (AD). 1.2 Parkinson’s Disease Dementia Rivastigmine tartrate capsules are indicated for the treatment of 
94,ketorolac tromethamine,Ketorolac Tromethamine,KETOROLAC TROMETHAMINE,,,,"WARNING Ketorolac tromethamine, a nonsteroidal anti-inflammatory drug (NSAID), is indicated for the short-term (up to 5 days in adults) management of moderately severe acute pain that requires analgesia at the opioid level. Oral ketorolac tromethamine is indicated only as continuation treatment following IV or IM dosing of ketorolac tromethamine, if necessary. The total combined duration of use of oral ketorolac tromethamine and ketorolac tromethamine injection should not exceed 5 days. Ketorolac tromethamine is not indicated for use in pediatric patients and it is NOT indicated for minor or chronic painful conditions. Increasing the dose of ketorolac tromethamine beyond the label recommendations will not provide better efficacy but will increase the risk of developing serious adverse events. GASTROINTESTINAL RISK • Ketorolac tromethamine can cause peptic ulcers, gastrointestinal bleeding and/or perforation of the stomach or intestines, which can be fatal. These events can occur at any time during use and without warning symptoms. Therefore, ketorolac tromethamine is CONTRAINDICATED in patients with active peptic ulcer disease, in patients with recent gastrointestinal bleeding or perforation, and in patients with a history of peptic ulcer disease or gastrointestinal bleeding. Elderly patients are at greater risk for serious gastrointestinal events (see WARNINGS ). CARDIOVASCULAR THROMBOTIC EVENTS • Nonsteroidal anti-inflammatory drugs (NSAIDs) cause an increased risk of serious cardiovascular thrombotic events, including myocardial infarction and stroke, which can be fatal. This risk may occur early in treatment and may increase with duration of use (see WARNINGS and PRECAUTIONS ). • Ketorolac Tromethamine Injection, USP is CONTRAINDICATED in the setting of coronary artery bypass graft (CABG) surgery (see CONTRAINDICATIONS and WARNINGS ). RENAL RISK • Ketorolac tromethamine is CONTRAINDICATED in patients with advanced renal impairment and in patients at risk for renal failure due to volume depletion (see WARNINGS ). RISK OF BLEEDING • Ketorolac tromethamine inhibits platelet function and is, therefore, CONTRAINDICATED in patients with suspected or confirmed cerebrovascular bleeding, patients with hemorrhagic diathesis, incomplete hemostasis and those at high risk of bleeding (see WARNINGS and PRECAUTIONS ). Ketorolac tromethamine is CONTRAINDICATED as prophylactic analgesic before any major surgery. HYPERSENSITIVITY • Hypersensitivity reactions, ranging from bronchospasm to anaphylactic shock, have occurred and appropriate counteractive measures must be available when administering the first dose of ketorolac tromethamine injection (see CONTRAINDICATIONS and WARNINGS ). Ketorolac tromethamine is CONTRAINDICATED in patients with previously demonstrated hypersensitivity to ketorolac tromethamine or allergic manifestations to aspirin or other nonsteroidal anti-inflammatory drugs (NSAIDs). INTRATHECAL OR EPIDURAL ADMINISTRATION • Ketorolac tromethamine is CONTRAINDICATED for intrathecal or epidural administration due to its alcohol content. RISK DURING LABOR AND DELIVERY • The use of ketorolac tromethamine in labor and delivery is CONTRAINDICATED because it may adversely affect fetal circulation and inhibit uterine contractions. CONCOMITANT USE WITH NSAIDs • Ketorolac tromethamine is CONTRAINDICATED in patients currently receiving aspirin or NSAIDs because of the cumulative risk of inducing serious NSAID-related side effects. SPECIAL POPULATIONS • Dosage should be adjusted for patients 65 years or older, for patients under 50 kg (110 lbs.) of body weight (see DOSAGE AND ADMINISTRATION ) and for patients with moderately elevated serum creatinine (see WARNINGS ). Doses of ketorolac tromethamine injection are not to exceed 60 mg (total dose per day) in these patients. DOSAGE AND ADMINISTRATION Ketorolac Tromethamine Tablets • Ketorolac tromethamine tablets are indicated only as continuation therapy to ketorolac tromethamine injection, and the combined duration of use of ketorolac tromethamine injection and ketorolac tromethamine tablets is not to exceed 5 (five) days, because of the increased risk of serious adverse events. • The recommended total daily dose of ketorolac tromethamine tablets (maximum 40 mg) is significantly lower than for ketorolac tromethamine injection (maximum 120 mg) (see DOSAGE AND ADMINISTRATION ).","INDICATIONS AND USAGE Carefully consider the potential benefits and risks of ketorolac tromethamine and other treatment options before deciding to use ketorolac. Use the lowest effective dose for the shortest duration consistent with individual patient treatment goals (see WARNINGS ). Acute Pain in Adult Patients Ketorolac tromethamine is indicated for the short-term (≤5 days) management of moderately severe acute pain that requires analgesia at the opioid level, usually in a postoperative setti"
95,sinusitis drops,Sinusitis Drops 2060,BLACK MUSTARD SEED,,,,None,"INDICATIONS For the temporary relief of runny nose, nasal congestion, headache, or mild facial or ear pain due to a cold, hay fever, or other upper respiratory allergies.*"
96,"baptisia tinctoria, echinacea (angustifolia), adrenalinum, allium cepa, ambrosia artemisiaefolia, arsenicum album, euphrasia officinalis, histaminum hydrochloricum, natrum muriaticum, natrum sulphuricum, nux vomica, phosphorus, pulsatilla (pratensis), sabadilla, sinapis nigra, solidago virgaurea, sulphur, wyethia helenioides",Histastat Pollen,BAPTISIA TINCTORIA ROOT,,,,None,"INDICATIONS: May temporarily relieve sinus congestion, runny nose, and sneezing.** **Claims based on traditional homeopathic practice, not accepted medical evidence. Not FDA evaluated."
97,dimethicone,Remedy Barrier Cream Cloths Fragrance Free,DIMETHICONE,,,,None,Uses helps treat and prevent diaper rash. Protects minor skin irritation associated with diaper rash and helps seal out wetness help prevent and temporarily protects and helps relieve chapped or cracked skin helps protect from the drying effects of wind and cold weather
98,teens strawberry sparkle 48h antiperspirant,Dove,ALUMINUM SESQUICHLOROHYDRATE,,,,None,Uses • reduces underarm wetness
99,advanced coconut water and lime dry spray 72h antiperspirant deodorant,Dove,ALUMINUM SESQUICHLOROHYDRATE,,,,None,Uses • reduces underarm wetness
100,"burn ease, 3.5g","Burn Ease, 3.5g",LIDOCAINE HYDROCHLORIDE,,,,None,Use(s) For the temporary relief of pain associated with • Minor burns • Sunburn
101,"lycopodium clavatum, pancreas suis, dna, insulinum (human), phosphoricum acidum, radium bromatum, uranium nitricum",DNA Pancreas Formula,LYCOPODIUM CLAVATUM SPORE,,,,None,"USES: Assists in support of the pancreas.† †Claims based on traditional homeopathic practice, not accepted medical evidence. Not FDA evaluated."
102,dipyridamole,Dipyridamole,DIPYRIDAMOLE,,,,None,INDICATIONS AND USAGE Dipyridamole tablets are indicated as an adjunct to coumarin anticoagulants in the prevention of postoperative thromboembolic complications of cardiac valve replacement.
105,"ps-3885 burn ease, 3.5g","PS-3885 Burn Ease, 3.5g",LIDOCAINE HYDROCHLORIDE,,,,None,Use(s) • For the temporary relief of pain associated with • Minor burns • Sunburn
106,"ps-3866 burn ease, 0.9g","PS-3866 Burn Ease, 0.9g",LIDOCAINE HYDROCHLORIDE,,,,None,Use(s) • For the temporary relief of pain associated with • Minor burns • Sunburn
107,"dextromethorphan hbr, guaifenesin",Rompe Pechito DM for Kids,DEXTROMETHORPHAN HYDROBROMIDE,,,,None,Uses Uses: temporarily relieves cough due to minor throat and bronchial irritation as may occur with a cold helps loosen phlegm (mucus) and thin bronchial secretions to drain bronchial tubes.
108,castor oil,Foster and Thrive Castor Oil,CASTOR OIL,,,,None,Use For the temporary relief of occasional constipation. Bowel movement is generally produced in 6 to 12 hours.
109,bupropion hydrochloride,buPropion Hydrochloride XL,BUPROPION HYDROCHLORIDE,,,,"WARNING: SUICIDAL THOUGHTS AND BEHAVIORS SUICIDALITY AND ANTIDEPRESSANT DRUGS Antidepressants increased the risk of suicidal thoughts and behavior in children, adolescents, and young adults in short-term trials. These trials did not show an increase in the risk of suicidal thoughts and behavior with antidepressant use in subjects aged 65 and older [see Warnings and Precautions (5.1) ]. In patients of all ages who are started on antidepressant therapy, monitor closely for worsening, and for emergence of suicidal thoughts and behaviors. Advise families and caregivers of the need for close observation and communication with the prescriber [see Warnings and Precautions (5.1) ]. WARNING: SUICIDAL THOUGHTS AND BEHAVIORS See full prescribing information for complete boxed warning. Increased risk of suicidal thinking and behavior in children, adolescents, and young adults taking antidepressants. ( 5.1 ) Monitor for worsening and emergence of suicidal thoughts and behaviors. ( 5.1 )","1 INDICATIONS AND USAGE Bupropion hydrochloride extended-release tablets (XL) are an aminoketone antidepressant, indicated for: treatment of major depressive disorder (MDD) (1.1) prevention of seasonal affective disorder (SAD) ( 1.2) 1.1 Major Depressive Disorder (MDD) Bupropion hydrochloride extended-release tablets (XL) are indicated for the treatment of major depressive disorder (MDD), as defined by the Diagnostic and Statistical Manual (DSM). The efficacy of the immediate-release formulation"
110,tramadol hydrochloride,TRAMADOL HYDROCHLORIDE,TRAMADOL HYDROCHLORIDE,,,,"WARNING: ADDICTION, ABUSE, AND MISUSE; RISK EVALUATION AND MITIGATION STRATEGY (REMS); LIFE-THREATENING RESPIRATORY DEPRESSION; ACCIDENTAL INGESTION; ULTRA-RAPID METABOLISM OF TRAMADOL AND OTHER RISK FACTORS FOR LIFE-THREATENING RESPIRATORY DEPRESSION IN CHILDREN; NEONATAL OPIOID WITHDRAWAL SYNDROME; INTERACTIONS WITH DRUGS AFFECTING CYTOCHROME P450 ISOENZYMES; and RISKS FROM CONCOMITANT USE WITH BENZODIAZEPINES OR OTHER CNS DEPRESSANTS Addiction, Abuse, and Misuse Tramadol hydrochloride extended-release tablets expose patients and other users to the risks of opioid addiction, abuse, and misuse, which can lead to overdose and death. Assess each patient's risk prior to prescribing tramadol hydrochloride extended-release tablets, and monitor all patients regularly for the development of these behaviors and conditions [ see Warnings and Precautions (5.1) ]. Opioid Analgesic Risk Evaluation and Mitigation Strategy (REMS) To ensure that the benefits of opioid analgesics outweigh the risks of addiction, abuse, and misuse, the Food and Drug Administration (FDA) has required a REMS for these products [ see Warnings and Precautions (5.2) ]. Under the requirements of the REMS, drug companies with approved opioid analgesic products must make REMS-compliant education programs available to healthcare providers. Healthcare providers are strongly encouraged to • complete a REMS-compliant education program, • counsel patients and/or their caregivers, with every prescription, on safe use, serious risks, storage, and disposal of these products, • emphasize to patients and their caregivers the importance of reading the Medication Guide every time it is provided by their pharmacist, and • consider other tools to improve patient, household, and community safety. Life-Threatening Respiratory Depression Serious, life-threatening, or fatal respiratory depression may occur with use of tramadol hydrochloride extended-release tablets. Monitor for respiratory depression, especially during initiation of tramadol hydrochloride extended-release tablets or following a dose increase. Instruct patients to swallow tramadol hydrochloride extended-release tablets intact, and not to cut, break, chew, crush, or dissolve the tablets to avoid exposure to a potentially fatal dose of tramadol [ see Warnings and Precautions (5.3) ]. Accidental Ingestion Accidental ingestion of even one dose of tramadol hydrochloride extended-release tablet, especially by children, can result in a fatal overdose of tramadol [ see Warnings and Precautions (5.3) ]. Ultra-Rapid Metabolism Of Tramadol And Other Risk Factors For Life-Threatening Respiratory Depression In Children Life-threatening respiratory depression and death have occurred in children who received tramadol. Some of the reported cases followed tonsillectomy and/or adenoidectomy; in at least one case, the child had evidence of being an ultra-rapid metabolizer of tramadol due to a CYP2D6 polymorphism [ see Warnings and Precautions (5.4) ]. Tramadol hydrochloride extended-release tablets are contraindicated in children younger than 12 years of age and in children younger than 18 years of age following tonsillectomy and/or adenoidectomy [ see Contraindications (4) ]. Avoid the use of tramadol hydrochloride extended-release tablets in adolescents 12 to 18 years of age who have other risk factors that may increase their sensitivity to the respiratory depressant effects of tramadol. [ see Warnings and Precautions (5.4) ] Neonatal Opioid Withdrawal Syndrome Prolonged use of tramadol hydrochloride extended-release tablets during pregnancy can result in neonatal opioid withdrawal syndrome, which may be life-threatening if not recognized and treated, and requires management according to protocols developed by neonatology experts. If opioid use is required for a prolonged period in a pregnant woman, advise the patient of the risk of neonatal opioid withdrawal syndrome and ensure that appropriate treatment will be available [ see Warnings and Precautions (5.5) ]. Interactions with Drugs Affecting Cytochrome P450 Isoenzymes The effects of concomitant use or discontinuation of cytochrome P450 3A4 inducers, 3A4 inhibitors, or 2D6 inhibitors with tramadol are complex. Use of cytochrome P450 3A4 inducers, 3A4 inhibitors, or 2D6 inhibitors with tramadol hydrochloride extended-release tablets requires careful consideration of the effects on the parent drug, tramadol, and the active metabolite, M1 [ see Warnings and Precautions (5.6), Drug Interactions (7) ]. Risks From Concomitant Use With Benzodiazepines Or Other CNS Depressants Concomitant use of opioids with benzodiazepines or other central nervous system (CNS) depressants, including alcohol, may result in profound sedation, respiratory depression, coma, and death [ see Warnings and Precautions (5.7), Drug Interactions (7) ]. • Reserve concomitant prescribing of tramadol hydrochloride extended-release injection and benzodiazepines or other CNS depressants for use in patients for whom alternative treatment options are inadequate. • Limit dosages and durations to the minimum required. • Follow patients for signs and symptoms of respiratory depression and sedation. WARNING: ADDICTION, ABUSE, AND MISUSE; RISK EVALUATION AND MITIGATION STRATEGY (REMS); LIFE-THREATENING RESPIRATORY DEPRESSION; ACCIDENTAL INGESTION; ULTRA-RAPID METABOLISM OF TRAMADOL AND OTHER RISK FACTORS FOR LIFE-THREATENING RESPIRATORY DEPRESSION IN CHILDREN; NEONATAL OPIOID WITHDRAWAL SYNDROME; INTERACTIONS WITH DRUGS AFFECTING CYTOCHROME P450 ISOENZYMES; and RISKS FROM CONCOMITANT USE WITH BENZODIAZEPINES OR OTHER CNS DEPRESSANTS See full prescribing information for complete boxed warning . • Tramadol hydrochloride extended-release tablets expose users to risks of addiction, abuse, and misuse, which can lead to overdose and death. Assess patient’s risk before prescribing and monitor regularly for these behaviors and conditions. ( 5.1 ) • To ensure that the benefits of opioid analgesics outweigh the risks of addiction, abuse, and misuse, the Food and Drug Administration (FDA) has required a Risk Evaluation and Mitigation Strategy (REMS) for these products. (5.2) • Serious, life-threatening, or fatal respiratory depression may occur. Monitor closely, especially upon initiation or following a dose increase. Instruct patients to swallow tramadol hydrochloride extended-release tablets intact, and not to cut, break, chew, crush, or dissolve the tablets to avoid exposure to a potentially fatal dose of tramadol. ( 5.3 ) • Accidental ingestion of tramadol hydrochloride extended-release tablets, especially by children, can result in a fatal overdose of tramadol. ( 5.3 ) • Life-threatening respiratory depression and death have occurred in children who received tramadol. Some of the reported cases followed tonsillectomy and/or adenoidectomy; in at least one case, the child had evidence of being an ultra-rapid metabolizer of tramadol due to a CYP2D6 polymorphism ( 5.4 ). Tramadol hydrochloride extended-release tablets are contraindicated in children younger than 12 years of age and in children younger than 18 years of age following tonsillectomy and/or adenoidectomy ( 4 ) . Avoid the use of tramadol hydrochloride extended-release tablets in adolescents 12 to 18 years of age who have other risk factors that may increase their sensitivity to the respiratory depressant effects of tramadol. [see Warnings and Precautions ( 5.4 )] • Prolonged use of tramadol hydrochloride extended-release tablets during pregnancy can result in neonatal opioid withdrawal syndrome, which may be life-threatening if not recognized and treated. If prolonged opioid use is required in a pregnant woman, advise the patient of the risk of neonatal opioid withdrawal syndrome and ensure that appropriate treatment will be available. ( 5.5 ) • The effects of concomitant use or discontinuation of cytochrome P450 3A4 inducers, 3A4 inhibitors, or 2D6 inhibitors with tramadol are complex. Use of cytochrome P450 3A4 inducers, 3A4 inhibitors, or 2D6 inhibitors with tramadol hydrochloride extended-release tablets requires careful consideration of the effects on the parent drug, tramadol, and the active metabolite, M1 ( 5.6 , 7 ) • Concomitant use of opioids with benzodiazepines or other central nervous system (CNS) depressants, including alcohol, may result in profound sedation, respiratory depression, coma, and death. Reserve concomitant prescribing for use in patients for whom alternative treatment options are inadequate; limit dosages and durations to the minimum required; and follow patients for signs and symptoms of respiratory depression and sedation. ( 5.7 , 7 )","1 INDICATIONS AND USAGE Tramadol hydrochloride extended-release tablets are indicated for the management of pain severe enough to require daily, around-the-clock, long-term opioid treatment and for which alternative treatment options are inadequate. Limitations of Use • Because of the risks of addiction, abuse, and misuse with opioids, even at recommended doses, and because of the greater risks of overdose and death with extended-release opioid formulations [ see Warnings and Precautions (5.1) ]"
111,"avobenzone, octisalate, octocrylene, homosalate",Triple Prep SPF 40,OCTISALATE,,,,None,Stop use and ask a doctor if rash occurs
112,brompheniramine maleate,CVS PHARMACY Childrens Cold and Allergy,BROMPHENIRAMINE MALEATE,,,,None,"Uses ▪ temporarily relieves: ▪ runny nose ▪ sneezing ▪ itchy, watery eyes due to hay fever ▪ itching of the nose or throat"
113,lorlatinib,Lorbrena,LORLATINIB,,,,None,"1 INDICATIONS AND USAGE LORBRENA ® is indicated for the treatment of adult patients with metastatic non-small cell lung cancer (NSCLC) whose tumors are anaplastic lymphoma kinase (ALK)-positive as detected by an FDA-approved test. LORBRENA is a kinase inhibitor indicated for the treatment of adult patients with metastatic non-small cell lung cancer (NSCLC) whose tumors are anaplastic lymphoma kinase (ALK)-positive as detected by an FDA-approved test. ( 1 , 2.1 )"
114,allopurinol,Allopurinol,ALLOPURINOL,,,,None,"INDICATIONS AND USAGE THIS IS NOT AN INNOCUOUS DRUG. IT IS NOT RECOMMENDED FOR THE TREATMENT OF ASYMPTOMATIC HYPERURICEMIA. Allopurinol tablets USP reduces serum and urinary uric acid concentrations. Its use should be individualized for each patient and requires an understanding of its mode of action and pharmacokinetics (see CLINICAL PHARMACOLOGY , CONTRAINDICATIONS , WARNINGS , and PRECAUTIONS ). Allopurinol tablet USP is indicated in: the management of patients with signs and symptoms of prim"
115,"glycerin 14.4%, lidocaine 5%, petrolatum 15%, phenylephrine hcl 0.25%",Revivol Hemorrhoid and Fissure,LIDOCAINE,,,,None,"For the temporary relief of pain, soreness, and burning. Helps relieve the local itching and discomfort associated with hemorrhoids. Temporarily shrinks hemorrhoidal tissue. Temporarily provides a coating for the relief of anorectal discomforts. Temporarily protects the inflamed, irritated anorectal surface to help make bowel movements less painful."
116,simethicone,Leader Gas relief,DIMETHICONE,,,,None,USE(S) relieves: pressure bloating symptoms referred to as gas
117,lidocaine hydrochloride,Accucaine,LIDOCAINE HYDROCHLORIDE,,,,None,"INDICATIONS AND USAGE Lidocaine Hydrochloride Injection, USP is indicated for production of local or regional anesthesia by infiltration techniques such as percutaneous injection and intravenous regional anesthesia by peripheral nerve block techniques such as brachial plexus and intercostal and by central neural techniques such as lumbar and caudal epidural blocks, when the accepted procedures for these techniques as described in standard textbooks are observed."
118,aluminium sulphuricum,Aluminium Sulphuricum,ALUMINUM SULFATE,,,,None,N/A
119,"ps - 2895 triple antibiotic , 0.5g","PS - 2895 Triple Antibiotic , 0.5g",BACITRACIN ZINC,,,,None,"Use(s) First aid to help prevent infection in minor cuts, scrapes, and burns"
120,amanita pantherina,Amanita Pantherina,AMANITA PANTHERINA FRUITING BODY,,,,None,N/A
121,clotrimazole,Clotrimazole,CLOTRIMAZOLE,,,,None,"Uses Cures athlete’s foot (tinea pedis), jock itch (tinea cruris), ringworm (tinea corporis). Relieves the itching, irritation, redness, scaling and discomfort which can accompany these conditions."
122,diclofenac sodium,Diclofenac Sodium,DICLOFENAC SODIUM,,,,None,"Uses for the temporary relief of arthritis pain ONLY in the following areas: hand, wrist, elbow (upper body areas) foot, ankle, knee (lower body areas) this product may take up to 7 days to work for arthritis pain; it is not for immediate relief. If no pain relief in 7 days, stop use."
123,tocilizumab,Tofidence,TOCILIZUMAB,,,,"WARNING: RISK OF SERIOUS INFECTIONS Patients treated with tocilizumab products including TOFIDENCE are at increased risk for developing serious infections that may lead to hospitalization or death [see Warnings and Precautions (5.1) , Adverse Reactions (6.1) ]. Most patients who developed these infections were taking concomitant immunosuppressants such as methotrexate or corticosteroids. If a serious infection develops, interrupt TOFIDENCE until the infection is controlled. Reported infections include: Active tuberculosis, which may present with pulmonary or extrapulmonary disease. Patients, except those with COVID-19, should be tested for latent tuberculosis before TOFIDENCE use and during therapy. Treatment for latent infection should be initiated prior to TOFIDENCE use. Invasive fungal infections, including candidiasis, aspergillosis, and pneumocystis. Patients with invasive fungal infections may present with disseminated, rather than localized, disease. Bacterial, viral and other infections due to opportunistic pathogens. The risks and benefits of treatment with TOFIDENCE should be carefully considered prior to initiating therapy in patients with chronic or recurrent infection. Patients should be closely monitored for the development of signs and symptoms of infection during and after treatment with TOFIDENCE, including the possible development of tuberculosis in patients who tested negative for latent tuberculosis infection prior to initiating therapy [see Warnings and Precautions (5.1) ]. WARNING: RISK OF SERIOUS INFECTIONS See full prescribing information for complete boxed warning. Serious infections leading to hospitalization or death including tuberculosis (TB), bacterial, invasive fungal, viral, and other opportunistic infections have occurred in patients receiving tocilizumab products. ( 5.1 ) If a serious infection develops, interrupt TOFIDENCE until the infection is controlled. ( 5.1 ) Perform test for latent TB (except patients with COVID-19); if positive, start treatment for TB prior to starting TOFIDENCE. ( 5.1 ) Monitor all patients for active TB during treatment, even if initial latent TB test is negative. ( 5.1 )",1 INDICATIONS AND USAGE TOFIDENCE™ (tocilizumab-bavi) is an interleukin-6 (IL-6) receptor antagonist indicated for treatment of: Rheumatoid Arthritis (RA) ( 1.1 ) Adult patients with moderately to severely active rheumatoid arthritis who have had an inadequate response to one or more Disease-Modifying Anti-Rheumatic Drugs (DMARDs). Giant Cell Arteritis (GCA) ( 1.2 ) Adult patients with giant cell arteritis. Polyarticular Juvenile Idiopathic Arthritis (PJIA) ( 1.3 ) Patients 2 years of age and ol
124,ammonium bromatum,Ammonium Bromatum,AMMONIUM BROMIDE,,,,None,N/A
125,"avobenzone,homosalate,octisalate,octocrylene",KIZO LAB UV DEFENSE CLEAR SUNSCREN SPF50,HOMOSALATE,,,,None,"Indications & Usage Helps prevent sunburn If used as directed, with other sun protection measures (see Directions), decreases the risk of skin cancer and early skin aging caused by the sun"
126,ammonium carbonicum,Ammonium Carbonicum,AMMONIUM CARBONATE,,,,None,N/A
128,"menthol, methyl salicylate",Mentholatum Pain Relieving,"MENTHOL, UNSPECIFIED FORM",,,,None,Uses temporarily relieves minor aches and pains of muscles and joints due to arthritis simple backache strains sprains
129,aspirin,Rapidol Aspirin,ASPIRIN,,,,None,Uses Temporary relief of minor aches and pains due to: a cold headache backache muscular aches toothache minor pains from arthritis
130,ethyl alcohol,Sierra Soft Alcohol Hand Sanitizer,ALCOHOL,,,,None,Uses For sanitizing to reduce bacteria on the skin.
131,"octocrylene, octisalate, and avobenzone",Reef Kids SPF 30 Oxybenzone Free,OCTOCRYLENE,,,,None,"Uses helps prevent sunburn if used as directed with other sun protection measures (see Directions ), decreases the risk of skin cancer and early skin aging caused by the sun"
132,oseltamivir phosphate,Oseltamivir Phosphate,OSELTAMIVIR PHOSPHATE,,,,None,"1 INDICATIONS AND USAGE Oseltamivir phosphate capsules are influenza neuraminidase inhibitor (NAI) indicated for: Treatment of acute, uncomplicated influenza A and B in patients 2 weeks of age and older who have been symptomatic for no more than 48 hours. ( 1.1 ) Prophylaxis of influenza A and B in patients 1 year and older. ( 1.2 ) Limitations of Use : Not a substitute for annual influenza vaccination. ( 1.3 ) Consider available information on influenza drug susceptibility patterns and treatmen"
133,doxylamine succinate,Sleep Aid,DOXYLAMINE SUCCINATE,,,,None,Use helps to reduce difficulty in falling asleep
136,lamivudine and zidovudine,LAMIVUDINE and ZIDOVUDINE,LAMIVUDINE,,,,"BOXED WARNING WARNING: HEMATOLOGIC TOXICITY, MYOPATHY, LACTIC ACIDOSIS AND SEVERE HEPATOMEGALY WITH STEATOSIS, and EXACERBATIONS OF HEPATITIS B Zidovudine, a component of lamivudine and zidovudine tablets, has been associated with hematologic toxicity including neutropenia and severe anemia, particularly in patients with advanced Human Immunodeficiency Virus (HIV-1) disease [see Warnings and Precautions (5.1)]. Prolonged use of zidovudine has been associated with symptomatic myopathy [see Warnings and Precautions (5.2)]. Lactic acidosis and severe hepatomegaly with steatosis, including fatal cases, have been reported with the use of nucleoside analogues, including lamivudine and zidovudine (components of lamivudine and zidovudine tablet). Discontinue lamivudine and zidovudine tablets if clinical or laboratory findings suggestive of lactic acidosis or pronounced hepatotoxicity occur [see Warnings and Precautions (5.3)]. Severe acute exacerbations of hepatitis B have been reported in patients who are co-infected with hepatitis B virus (HBV) and HIV-1 and have discontinued lamivudine, which is one component of lamivudine and zidovudine tablets. Hepatic function should be monitored closely with both clinical and laboratory follow-up for at least several months in patients who discontinue lamivudine and zidovudine tablet and are co-infected with HIV-1 and HBV. If appropriate, initiation of anti-hepatitis B therapy may be warranted [see Warnings and Precautions (5.4)]. WARNING: HEMATOLOGIC TOXICITY, MYOPATHY, LACTIC ACIDOSIS AND SEVERE HEPATOMEGALY WITH STEATOSIS, and EXACERBATIONS OF HEPATITIS B See full prescribing information for complete boxed warning. • Hematologic toxicity, including neutropenia and anemia, has been associated with the use of zidovudine, a component of lamivudine and zidovudine tablets. (5.1) • Symptomatic myopathy associated with prolonged use of zidovudine. (5.2) • Lactic acidosis and severe hepatomegaly with steatosis, including fatal cases, have been reported with the use of nucleoside analogues including lamivudine and zidovudine (components of lamivudine and zidovudine tablets). Suspend treatment if clinical or laboratory findings suggestive of lactic acidosis or pronounced hepatotoxicity occur. (5.3) • Severe acute exacerbations of hepatitis B have been reported in patients who are co-infected with hepatitis B virus (HBV) and human immunodeficiency virus (HIV-1) and have discontinued lamivudine, a component of lamivudine and zidovudine tablet. Monitor hepatic function closely in these patients and, if appropriate, initiate anti-hepatitis B treatment. (5.4)","1 INDICATIONS & USAGE Lamivudine and zidovudine tablets a combination of 2 nucleoside analogues, are indicated in combination with other antiretrovirals for the treatment of human immunodeficiency virus type 1 (HIV-1) infection. Lamivudine and zidovudine tablets, a combination of 2 nucleoside analogue reverse transcriptase inibitors, are indicated in combination with other antiretroviral agents for the treatment of HIV-1 infection. (1)"
137,pediculicide,Vamousse Pro Total Lice Emergency Kit,,,,,None,Vamousse Lice Treatment: Treats head lice infestation Vamousse Lice Defense Daily Shampoo: For daily defense against head lice infestations
138,prednisone,Prednisone,PREDNISONE,,,,None,"INDICATIONS AND USAGE Prednisone tablets, USP are indicated in the following conditions: Endocrine Disorders Primary or secondary adrenocortical insufficiency (hydrocortisone or cortisone is the first choice; synthetic analogs may be used in conjunction with mineralocorticoids where applicable; in infancy mineralocorticoid supplementation is of particular importance); congenital adrenal hyperplasia; hypercalcemia associated with cancer; nonsuppurative thyroiditis. Rheumatic Disorders As adjuncti"
139,atropine sulfate,Atropine sulfate,ATROPINE SULFATE,,,,None,"1 INDICATIONS & USAGE Atropine Sulfate Injection, USP, is indicated for temporary blockade of severe or life threatening muscarinic effects, e.g., as an antisialagogue, an antivagal agent, an antidote for organophosphorus or muscarinic mushroom poisoning, and to treat bradyasystolic cardiac arrest."
140,potassium chloride,Potassium chloride,POTASSIUM CHLORIDE,,,,None,"1 INDICATIONS & USAGE Potassium Chloride is indicated for the treatment and prophylaxis of hypokalemia with or without metabolic alkalosis, in patients for whom dietary management with potassium-rich foods or diuretic dose reduction is insufficient. Potassium Chloride is a potassium salt indicated for the treatment and prophylaxis of hypokalemia with or without metabolic alkalosis, in patients for whom dietary management with potassium-rich foods or diuretic dose reduction is insufficient."
141,cromolyn sodium,Gastrocrom,CROMOLYN SODIUM,,,,None,"INDICATIONS AND USAGE GASTROCROM is indicated in the management of patients with mastocytosis. Use of this product has been associated with improvement in diarrhea, flushing, headaches, vomiting, urticaria, abdominal pain, nausea, and itching in some patients."
142,duloxetine hydrochloride,Duloxetine Delayed-Release,DULOXETINE HYDROCHLORIDE,,,,"WARNING: SUICIDAL THOUGHTS AND BEHAVIORS Antidepressants increased the risk of suicidal thoughts and behavior in children, adolescents, and young adults in short-term studies. These studies did not show an increase in the risk of suicidal thoughts and behavior with antidepressant use in patients over age 24; there was a reduction in risk with antidepressant use in patients aged 65 and older [see Warnings and Precautions (5.1) ] . In patients of all ages who are started on antidepressant therapy, monitor closely for worsening, and for emergence of suicidal thoughts and behaviors. Advise families and caregivers of the need for close observation and communication with the prescriber [see Warnings and Precautions (5.1) ] . WARNING: SUICIDAL THOUGHTS AND BEHAVIORS See full prescribing information for complete boxed warning. Increased risk of suicidal thinking and behavior in children, adolescents, and young adults taking antidepressants ( 5.1 ) Monitor for worsening and emergence of suicidal thoughts and behaviors ( 5.1 )",1 INDICATIONS AND USAGE Duloxetine delayed-release capsules is indicated for the treatment of: Major depressive disorder in adults Generalized anxiety disorder in adults and pediatric patients 7 years of age and older Diabetic peripheral neuropathic pain in adults Fibromyalgia in adults and pediatric patients 13 years of age and older Chronic musculoskeletal pain in adults Duloxetine delayed-release capsules are a serotonin and norepinephrine reuptake inhibitor (SNRI) indicated for the treatment
144,tranexamic acid,tranexamic acid,TRANEXAMIC ACID,,,,None,"1 INDICATIONS AND USAGE Tranexamic acid injection, USP is indicated in patients with hemophilia for short-term use (2 to 8 days) to reduce or prevent hemorrhage and reduce the need for replacement therapy during and following tooth extraction. Tranexamic acid injection is an antifibrinolytic indicated in patients with hemophilia for short-term use (2 to 8 days) to reduce or prevent hemorrhage and reduce the need for replacement therapy during and following tooth extraction. ( 1 )"
145,doxorubicin hydrochloride,Doxorubicin Hydrochloride,DOXORUBICIN HYDROCHLORIDE,,,,"WARNING: CARDIOMYOPATHY, SECONDARY MALIGNANCIES, EXTRAVASATION AND TISSUE NECROSIS, and SEVERE MYELOSUPPRESSION • Cardiomyopathy: Myocardial damage, including acute left ventricular failure, can occur with doxorubicin hydrochloride. The risk of cardiomyopathy is proportional to the cumulative exposure with incidence rates from 1%–20% for cumulative doses ranging from 300 mg/m 2 to 500 mg/m 2 when doxorubicin hydrochloride is administered every 3 weeks. The risk of cardiomyopathy is further increased with concomitant cardiotoxic therapy. Assess left ventricular ejection fraction (LVEF) before and regularly during and after treatment with doxorubicin hydrochloride [see Warnings and Precautions (5.1) ] . • Secondary Malignancies: Secondary acute myelogenous leukemia (AML) and myelodysplastic syndrome (MDS) occur at a higher incidence in patients treated with anthracyclines, including doxorubicin hydrochloride [see Warnings and Precautions (5.2) ] . • Extravasation and Tissue Necrosis: Extravasation of doxorubicin hydrochloride can result in severe local tissue injury and necrosis requiring wide excision of the affected area and skin grafting. Immediately terminate the drug and apply ice to the affected area [see Warnings and Precautions (5.3) ] . • Severe myelosuppression resulting in serious infection, septic shock, requirement for transfusions, hospitalization, and death may occur [see Warnings and Precautions (5.4) ] . WARNING: CARDIOMYOPATHY, SECONDARY MALIGNANCIES, EXTRAVASATION AND TISSUE NECROSIS, and SEVERE MYELOSUPPRESSION See full prescribing information for complete boxed warning. • Cardiomyopathy: Myocardial damage can occur with doxorubicin hydrochloride with incidences from 1%–20% for cumulative doses from 300 mg/m 2 to 500 mg/m 2 when doxorubicin hydrochloride is administered every 3 weeks. The risk of cardiomyopathy is further increased with concomitant cardiotoxic therapy. Assess left ventricular ejection fraction (LVEF) before and regularly during and after treatment with doxorubicin hydrochloride. ( 5.1 ) • Secondary Malignancies: Secondary acute myelogenous leukemia (AML) and myelodysplastic syndrome (MDS) occur at a higher incidence in patients treated with anthracyclines, including doxorubicin hydrochloride. ( 5.2 ) • Extravasation and Tissue Necrosis: Extravasation of doxorubicin hydrochloride can result in severe local tissue injury and necrosis requiring wide excision and skin grafting. Immediately terminate the drug, and apply ice to the affected area. ( 5.3 ) • Severe myelosuppression resulting in serious infection, septic shock, requirement for transfusions, hospitalization, and death may occur. ( 5.4 )","1 INDICATIONS AND USAGE Doxorubicin Hydrochloride Injection is an anthracycline topoisomerase inhibitor indicated: • as a component of multi-agent adjuvant chemotherapy for treatment of women with axillary lymph node involvement following resection of primary breast cancer ( 1.1 ) • for the treatment of: acute lymphoblastic leukemia, acute myeloblastic leukemia, Hodgkin lymphoma, Non-Hodgkin lymphoma, metastatic breast cancer, metastatic Wilms' tumor, metastatic neuroblastoma, metastatic soft ti"
147,ammonium causticum,Ammonium Causticum,AMMONIA,,,,None,N/A
148,"menthol, white petrolatum, zinc oxide",Medline,ZINC OXIDE,,,,None,Uses for the temporary relief of anorectal itching and discomfort in the perianal area associated with anorectal inflammation temporarily forms a protective coating over inflamed tissues to help prevent drying of tissues temporarily protects irritated areas temporarily relieves burning provides temporary relief from skin irritations temporarily protects the inflamed irritated anorectal surface to help make bowel movements less painful temporarily protects inflamed perianal skin temporarily relie
149,ibuprofen,Ibuprofen,IBUPROFEN,,,,"Cardiovascular Thrombotic Events Nonsteroidal anti-inflammatory drugs (NSAIDs) cause an increased risk of serious cardiovascular thrombotic events, including myocardial infarction and stroke, which can be fatal. This risk may occur early in treatment and may increase with duration of use. [See WARNINGS and PRECAUTIONS ]. Ibuprofen tablets are contraindicated in the setting of coronary artery bypass graft (CABG) surgery [see CONTRAINDICATIONS and WARNINGS ]. Gastrointestinal Risk NSAIDS cause an increased risk of serious gastrointestinal adverse events including bleeding, ulceration, and perforation of the stomach or intestines, which can be fatal. These events can occur at any time during use and without warning symptoms. Elderly patients are at greater risk for serious gastrointestinal events. [See WARNINGS ].",INDICATIONS AND USAGE Carefully consider the potential benefits and risks of Ibuprofen tablets and other treatment options before deciding to use ibuprofen. Use the lowest effective dose for the shortest duration consistent with individual patient treatment goals [see WARNINGS ]. Ibuprofen tablets are indicated for relief of the signs and symptoms of rheumatoid arthritis and osteoarthritis. Ibuprofen tablets are indicated for relief of mild to moderate pain. Ibuprofen tablets are also indicated 
150,levonorgestrel and ethinyl estradiol,Iclevia,,,,,"WARNING: CIGARETTE SMOKING AND SERIOUS CARDIOVASCULAR EVENTS Cigarette smoking increases the risk of serious cardiovascular events from combination oral contraceptive (COC) use. This risk increases with age, particularly in women over 35 years of age, and with the number of cigarettes smoked. For this reason, COCs, including Iclevia, are contraindicated in women who are over 35 years of age and smoke [see Contraindications (4) and Warnings and Precautions (5.1) ]. WARNING: CIGARETTE SMOKING AND SERIOUS CARDIOVASCULAR EVENTS See full prescribing information for complete boxed warning. Iclevia is contraindicated in women over 35 years old who smoke. ( 4 ) Cigarette smoking increases the risk of serious cardiovascular events from combination oral contraceptive (COC) use. ( 5.1 )","1 INDICATIONS AND USAGE Iclevia TM (levonorgestrel and ethinyl estradiol tablets) is indicated for use by females of reproductive potential to prevent pregnancy. Iclevia is a combination of levonorgestrel, a progestin, and ethinyl estradiol, an estrogen, indicated for use by females of reproductive potential to prevent pregnancy. ( 1 )"
151,"adrenalinum, allium cepa, ambrosia artemisiaefolia, arsenicum iodatum, mugwort pollen (artemisia vulgaris), bellis perennis, brassica spp, chenopodium album, euphrasia officinalis, histaminum hydrochloricum, alfalfa pollen (medicago sativa), phleum pratense, yellow dock pollen (rumex crispus), sabadilla, silicea, goldenrod pollen (solidago canadensis), dandelion pollen (taraxacum officinale), red clover pollen (trifolium pratense), xanthium strumarium",Pollen Hayfever,EPINEPHRINE,,,,None,"USES: May help temporarily relieve allergy symptoms ■ runny nose ■ congestion ■ headache ■ itchy, watery eyes, ■ sneezing* *Claims based on traditional homeopathic practice, not accepted medical evidence. Not FDA evaluated."
152,amitriptyline hydrochloride,Amitriptyline Hydrochloride,AMITRIPTYLINE HYDROCHLORIDE,,,,"Suicidality and Antidepressant Drugs : Antidepressants increased the risk compared to placebo of suicidal thinking and behavior (suicidality) in children, adolescents, and young adults in short-term studies of major depressive disorder (MDD) and other psychiatric disorders. Anyone considering the use of amitriptyline hydrochloride tablets or any other antidepressant in a child, adolescent, or young adult must balance this risk with the clinical need. Short-term studies did not show an increase in the risk of suicidality with antidepressants compared to placebo in adults beyond age 24; there was a reduction in risk with antidepressants compared to placebo in adults aged 65 and older. Depression and certain other psychiatric disorders are themselves associated with increases in the risk of suicide. Patients of all ages who are started on antidepressant therapy should be monitored appropriately and observed closely for clinical worsening, suicidality, or unusual changes in behavior. Families and caregivers should be advised of the need for close observation and communication with the prescriber. Amitriptyline hydrochloride tablets are not approved for use in pediatric patients (see WARNINGS: Clinical Worsening and Suicide Risk, PRECAUTIONS: Information for Patients, and PRECAUTIONS: Pediatric Use).",INDICATIONS AND USAGE For the relief of symptoms of depression. Endogenous depression is more likely to be alleviated than are other depressive states.
153,ammonium muriaticum,Ammonium Muriaticum,AMMONIUM CHLORIDE,,,,None,N/A
154,ammonium phosphoricum,Ammonium Phosphoricum,"AMMONIUM PHOSPHATE, DIBASIC",,,,None,N/A
155,"acetaminophen, diphenhydramine hydrochloride, and phenylephrine hydrochloride",Childrens Delsym Cough Plus Cold Night Time,ACETAMINOPHEN,,,,None,Uses temporarily relieves these common cold and flu symptoms: cough nasal congestion minor aches and pains sore throat headache runny nose sneezing temporarily reduces fever controls cough to help your child get to sleep
157,pramipexole dihydrochloride,Pramipexole dihydrochloride,PRAMIPEXOLE DIHYDROCHLORIDE,,,,None,1 INDICATIONS AND USAGE Pramipexole dihydrochloride extended-release tablets are indicated for the treatment of Parkinson's disease. Pramipexole dihydrochloride extended-release tablet is a non-ergot dopamine agonist indicated for the treatment of Parkinson’s disease (PD) (1)
158,polyethylene glycol 3350,purelax,POLYETHYLENE GLYCOL 3350,,,,None,Use • relieves occasional constipation (irregularity) • generally produces a bowel movement in 1 to 3 days
160,leflunomide,Leflunomide,LEFLUNOMIDE,,,,"WARNING: EMBRYO-FETAL TOXICITY and HEPATOTOXICITY Embryo-Fetal Toxicity Leflunomide is contraindicated for use in pregnant women because of the potential for fetal harm. Teratogenicity and embryo-lethality occurred in animals administered leflunomide at doses lower than the human exposure level. Exclude pregnancy before the start of treatment with leflunomide in females of reproductive potential. Advise females of reproductive potential to use effective contraception during leflunomide treatment and during an accelerated drug elimination procedure after leflunomide treatment. Stop leflunomide tablets and use an accelerated drug elimination procedure if the patient becomes pregnant. [see Contraindications (4) , Warnings and Precautions ( 5.1 , 5.3 ), Use in Specific Populations ( 8.1 , 8.3 ), and Clinical Pharmacology (12.3) ] Hepatotoxicity Severe liver injury, including fatal liver failure, has been reported in patients treated with leflunomide. Leflunomide is contraindicated in patients with severe hepatic impairment. Concomitant use of leflunomide with other potentially hepatotoxic drugs may increase the risk of liver injury. Patients with pre-existing acute or chronic liver disease, or those with serum alanine aminotransferase (ALT) >2xULN before initiating treatment, are at increased risk and should not be treated with leflunomide. Monitor ALT levels at least monthly for six months after starting leflunomide, and thereafter every 6 to 8 weeks. If leflunomide-induced liver injury is suspected, stop leflunomide treatment, start an accelerated drug elimination procedure, and monitor liver tests weekly until normalized. [see Contraindications (4) , Warnings and Precautions ( 5.2 , 5.3 ), Use in Special Populations (8.6) ] WARNING: EMBRYO-FETAL TOXICITY and HEPATOTOXICITY See full prescribing information for complete boxed warning. Embryo-Fetal Toxicity Teratogenicity and embryo-lethality occurred in animals administered leflunomide. ( 5.1 , 8.1 ) Exclude pregnancy prior to initiating leflunomide tablets therapy. ( 5.1 , 8.3 ) Advise use of effective contraception in females of reproductive potential during treatment and during a drug elimination procedure. ( 5.1 , 5.3 , 8.3 ) Stop leflunomide tablets and use an accelerated drug elimination procedure if the patient becomes pregnant. ( 5.1 , 5.3 , 8.1 ) Hepatotoxicity Severe liver injury and fatal liver failure have been reported. ( 5.2 ) Avoid leflunomide use in patients with pre-existing liver disease, or those with serum alanine aminotransferase (ALT)>2xULN. ( 5.2 , 8.6 ) Use caution when leflunomide is given with other potentially hepatotoxic drugs. ( 5.2 ) Monitor ALT levels. Interrupt leflunomide treatment if ALT elevation > 3 fold ULN. If likely leflunomide-induced, start accelerated drug elimination procedure and monitor liver tests weekly until normalized. ( 5.2 , 5.3 )","1 INDICATIONS AND USAGE Leflunomide Tablets, USP are indicated for the treatment of adults with active rheumatoid arthritis (RA). Leflunomide tablets are a pyrimidine synthesis inhibitor indicated for the treatment of adults with active rheumatoid arthritis. ( 1 )"
161,lubiprostone,Lubiprostone,LUBIPROSTONE,,,,None,"1 INDICATIONS AND USAGE Lubiprostone is a chloride channel activator indicated for the treatment of: chronic idiopathic constipation (CIC) in adults. ( 1.1 ) opioid-induced constipation (OIC) in adult patients with chronic, non-cancer pain, including patients with chronic pain related to prior cancer or its treatment who do not require frequent (e.g., weekly) opioid dosage escalation. ( 1.2 ) Limitations of Use: Effectiveness of lubiprostone in the treatment of OIC in patients taking diphenylhep"
162,verapamil hydrochloride,Verapamil Hydrochloride,VERAPAMIL HYDROCHLORIDE,,,,None,"INDICATIONS AND USAGE Verapamil Hydrochloride Tablets are indicated for the treatment of the following: Angina 1. Angina at rest including: – Vasospastic (Prinzmetal’s variant) angina – Unstable (crescendo, pre-infarction) angina 2. Chronic stable angina (classic effort-associated angina) Arrhythmias 1. In association with digitalis for the control of ventricular rate at rest and during stress in patients with chronic atrial flutter and/or atrial fibrillation (see WARNINGS; Accessory bypass trac"
164,ampicillin sodium and sulbactam sodium,Ampicillin and Sulbactam,AMPICILLIN SODIUM,,,,None,"INDICATIONS AND USAGE Ampicillin and Sulbactam for Injection is indicated for the treatment of infections due to susceptible strains of the designated microorganisms in the conditions listed below. Skin and Skin Structure Infections caused by beta-lactamase producing strains of Staphylococcus aureus , Escherichia coli *, Klebsiella spp.* (including K. pneumoniae *), Proteus mirabilis *, Bacteroides fragilis *, Enterobacter spp.*, and Acinetobacter calcoaceticus * . NOTE: For information on use i"
165,benzocaine,Primo Topical Anesthetic,BENZOCAINE,,,,None,Use For oral mucosal use. Use only as directed by dentist. For the temporary relief of pain due to minor dental procedures.
166,"bacitracin zinc, neomycin sulfate, polymyxin b sulfate",UniShield TRIPLE ANTIBIOTIC,BACITRACIN ZINC,,,,None,"Uses First aid to help prevent infection in minor cuts, scrapes and burns"
167,ziprasidone,ziprasidone,ZIPRASIDONE HYDROCHLORIDE,,,,WARNING: INCREASED MORTALITY IN ELDERLY PATIENTS WITH DEMENTIA-RELATED PSYCHOSIS Elderly patients with dementia-related psychosis treated with antipsychotic drugs are at an increased risk of death. Ziprasidone is not approved for the treatment of patients with dementia-related psychosis [see Warnings and Precautions (5.1)] . WARNING: INCREASED MORTALITY IN ELDERLY PATIENTS WITH DEMENTIA-RELATED PSYCHOSIS See full prescribing information for complete boxed warning. Elderly patients with dementia-related psychosis treated with antipsychotic drugs are at an increased risk of death. Ziprasidone is not approved for the treatment of patients with dementia-related psychosis ( 5.1 ),"1 INDICATIONS AND USAGE Ziprasidone capsules are indicated for the treatment of schizophrenia, as monotherapy for the acute treatment of bipolar manic or mixed episodes, and as an adjunct to lithium or valproate for the maintenance treatment of bipolar disorder. When deciding among the alternative treatments available for the condition needing treatment, the prescriber should consider the finding of ziprasidone’s greater capacity to prolong the QT/QTc interval compared to several other antipsych"
168,lidocaine,Lidocaine,LIDOCAINE,,,,None,"INDICATIONS AND USAGE Lidocaine Ointment 5% is indicated for production of anesthesia of accessible mucous membranes of the oropharynx. It is also useful as an anesthetic lubricant for intubation and for the temporary relief of pain associated with minor burns, including sunburn, abrasions of the skin, and insect bites."
169,glipizide,Glipizide,GLIPIZIDE,,,,None,INDICATIONS AND USAGE Glipizide Tablets USP are indicated as an adjunct to diet and exercise to improve glycemic control in adults with type 2 diabetes mellitus.
170,"ps-2261 triple antibiotic, 0.5g","PS-2261 Triple Antibiotic, 0.5g",POLYMYXIN B SULFATE,,,,None,"Use(s) First aid to help prevent infection in minor cuts, scrapes, and burns"
172,"white petrolatum, zinc oxide",Medline,ZINC OXIDE,,,,None,"Uses temporarily protects minor cuts, scrapes, and burns temporarily protects and helps relieve chapped or cracked skin"
173,monofluorophosphate,Whitening,SODIUM MONOFLUOROPHOSPHATE,,,,None,Uses aids in the prevention of dental cavities
174,bacitracin,Bacitracin,BACITRACIN,,,,None,Uses first aid to help prevent infection in: • minor cuts • scrapes • burns
175,"ps-2896 hydrocortisone cream 1%, 0.9g","PS-2896 Hydrocortisone Cream 1%, 0.9g",HYDROCORTISONE,,,,None,"Use(s) For the temporary relief of itching associated with minor skin irritations, inflammation, and rashes due to eczema, insect bites, poison ivy, poison oak, poison sumac, soaps, detergents, cosmetics, jewelry, seborrheic dermatitis, psoriasis, and external genital, feminine, and anal itching"
176,oxygen,Oxygen,OXYGEN,,,,None,N/A
177,acne spot treatment,Clear Acne Spot Treatment,SALICYLIC ACID,,,,None,Use For the treatment of acne
178,white petrolatum,Crash Cream,WHITE PETROLATUM,,,,None,Stop use and ask a doctor if condition worsens symptoms last more than 7 days or clear up and occur again within a few days
179,gadobutrol,Gadobutrol,GADOBUTROL,,,,"WARNING: RISK ASSOCIATED WITH INTRATHECAL USE and NEPHROGENIC SYSTEMIC FIBROSIS Risk Associated with Intrathecal Use Intrathecal administration of gadolinium-based contrast agents (GBCAs) can cause serious adverse reactions including death, coma, encephalopathy, and seizures. Gadobutrol injection is not approved for intrathecal use [see Warnings and Precautions ( 5.1 )] . Nephrogenic Systemic Fibrosis GBCAs increase the risk for nephrogenic systemic fibrosis (NSF) among patients with impaired elimination of drugs. Avoid use of gadobutrol injection in these patients unless the diagnostic information is essential and not available with non-contrasted MRI or other modalities. NSF may result in fatal or debilitating fibrosis affecting the skin, muscle and internal organs. • The risk for NSF appears highest among patients with: o Chronic, severe kidney disease (GFR < 30 mL/min/1.73m 2 ), or o Acute kidney injury. • Screen patients for acute kidney injury and other conditions that may reduce renal function. For patients at risk for chronically reduced renal function (for example, age > 60 years, hypertension or diabetes), estimate the glomerular filtration rate (GFR) through laboratory testing. • For patients at highest risk for NSF, do not exceed the recommended gadobutrol injection dose and allow a sufficient period of time for elimination of the drug from the body prior to any re-administration [see Warnings and Precautions ( 5.2 )] . WARNING: RISK ASSOCIATED WITH INTRATHECAL USE and NEPHROGENIC SYSTEMIC FIBROSIS See full prescribing information for complete boxed warning • Intrathecal administration of gadolinium-based contrast agents (GBCAs) can cause serious adverse reactions including death, coma, encephalopathy, and seizures. Gadobutrol injection is not approved for intrathecal use ( 5.1 ) • GBCAs increase the risk for nephrogenic systemic fibrosis (NSF) among patients with impaired elimination of drugs. Avoid use of gadobutrol injection in these patients unless the diagnostic information is essential and not available with non-contrasted MRI or other modalities. • The risk for NSF appears highest among patients with: o Chronic, severe kidney disease (GFR < 30 mL/min/1.73m 2 ), or o Acute kidney injury. Screen patients for acute kidney injury and other conditions that may reduce renal function. For patients at risk for chronically reduced renal function (for example, age > 60 years, hypertension or diabetes), estimate the glomerular filtration rate (GFR) through laboratory testing. ( 5.2 ).","1 INDICATIONS AND USAGE Gadobutrol injection is a gadolinium-based contrast agent indicated for use with magnetic resonance imaging (MRI): • To detect and visualize areas with disrupted blood brain barrier and/or abnormal vascularity of the central nervous system in adult and pediatric patients, including term neonates ( 1.1 ) • To assess the presence and extent of malignant breast disease in adult patients ( 1.2 ) • To evaluate known or suspected supra-aortic or renal artery disease in adult an"
180,ps-2205 bzk antiseptic towelettes,PS-2205 BZK Antiseptic Towelettes,BENZALKONIUM CHLORIDE,,,,None,"Use(s) First aid to help prevent skin infection in minor cuts, scrapes, and burns"
182,clopidogrel bisulfate,Clopidogrel,CLOPIDOGREL BISULFATE,,,,"WARNING: DIMINISHED ANTIPLATELET EFFECT IN PATIENTS WITH TWO LOSS-OF-FUNCTION ALLELES OF THE CYP2C19 GENE The effectiveness of clopidogrel results from its antiplatelet activity, which is dependent on its conversion to an active metabolite by the cytochrome P450 (CYP) system, principally CYP2C19 [see Warnings and Precautions (5.1) , Clinical Pharmacology (12.3) ] . Clopidogrel at recommended doses forms less of the active metabolite and so has a reduced effect on platelet activity in patients who are homozygous for nonfunctional alleles of the CYP2C19 gene, (termed “CYP2C19 poor metabolizers”). Tests are available to identify patients who are CYP2C19 poor metabolizers [see Clinical Pharmacology (12.5) ] . Consider use of another platelet P2Y 12 inhibitor in patients identified as CYP2C19 poor metabolizers. WARNING: DIMINISHED ANTIPLATELET EFFECT IN PATIENTS WITH TWO LOSS-OF-FUNCTION ALLELES OF THE CYP2C19 GENE See full prescribing information for complete boxed warning. Effectiveness of clopidogrel depends on conversion to an active metabolite by the cytochrome P450 (CYP) system, principally CYP2C19. ( 5.1 , 12.3 ) Tests are available to identify patients who are CYP2C19 poor metabolizers. (12.5) Consider use of another platelet P2Y 12 inhibitor in patients identified as CYP2C19 poor metabolizers. ( 5.1)","1 INDICATIONS AND USAGE Clopidogrel tablets are a P2Y 12 platelet inhibitor indicated for: Acute coronary syndrome – For patients with non–ST-segment elevation ACS (unstable angina [UA]/non–ST-elevation myocardial infarction [NSTEMI]), clopidogrel tablets have been shown to reduce the rate of myocardial infarction (MI) and stroke. (1.1) – For patients with ST-elevation myocardial infarction (STEMI), clopidogrel tablets have been shown to reduce the rate of MI and stroke. (1.1) Recent MI, recent "
184,entecavir,Entecavir,ENTECAVIR,,,,"WARNING: SEVERE ACUTE EXACERBATIONS OF HEPATITIS B, PATIENTS CO-INFECTED WITH HIV AND HBV, AND LACTIC ACIDOSIS AND HEPATOMEGALY Severe acute exacerbations of hepatitis B have been reported in patients who have discontinued anti-hepatitis B therapy, including entecavir. Hepatic function should be monitored closely with both clinical and laboratory follow-up for at least several months in patients who discontinue anti-hepatitis B therapy. If appropriate, initiation of anti-hepatitis B therapy may be warranted [see Warnings and Precautions (5.1) ] . Limited clinical experience suggests there is a potential for the development of resistance to HIV (human immunodeficiency virus) nucleoside reverse transcriptase inhibitors if entecavir is used to treat chronic hepatitis B virus (HBV) infection in patients with HIV infection that is not being treated. Therapy with entecavir is not recommended for HIV/HBV co-infected patients who are not also receiving highly active antiretroviral therapy (HAART) [see Warnings and Precautions (5.2) ] . Lactic acidosis and severe hepatomegaly with steatosis, including fatal cases, have been reported with the use of nucleoside analogue inhibitors alone or in combination with antiretrovirals [see Warnings and Precautions (5.3) ] . WARNING: SEVERE ACUTE EXACERBATIONS OF HEPATITIS B, PATIENTS CO-INFECTED WITH HIV AND HBV, and LACTIC ACIDOSIS AND HEPATOMEGALY See full prescribing information for complete boxed warning. Severe acute exacerbations of hepatitis B have been reported in patients who have discontinued anti-hepatitis B therapy, including entecavir. Hepatic function should be monitored closely for at least several months after discontinuation. Initiation of anti-hepatitis B therapy may be warranted. (5.1) Entecavir is not recommended for patients co-infected with human immunodeficiency virus (HIV) and hepatitis B virus (HBV) who are not also receiving highly active antiretroviral therapy (HAART), because of the potential for the development of resistance to HIV nucleoside reverse transcriptase inhibitors. (5.2) Lactic acidosis and severe hepatomegaly with steatosis, including fatal cases, have been reported with the use of nucleoside analogue inhibitors. (5.3)",1 INDICATIONS AND USAGE Entecavir tablets are indicated for the treatment of chronic hepatitis B virus infection in adults and pediatric patients 2 years of age and older with evidence of active viral replication and either evidence of persistent elevations in serum aminotransferases (ALT or AST) or histologically active disease. Entecavir tablets are a hepatitis B virus nucleoside analogue reverse transcriptase inhibitor indicated for the treatment of chronic hepatitis B virus infection in adul
185,rizatriptan benzoate,MAXALT,RIZATRIPTAN BENZOATE,,,,None,"1 INDICATIONS AND USAGE MAXALT ® and MAXALT-MLT ® are indicated for the acute treatment of migraine with or without aura in adults and in pediatric patients 6 to 17 years old. Limitations of Use MAXALT should only be used where a clear diagnosis of migraine has been established. If a patient has no response for the first migraine attack treated with MAXALT, the diagnosis of migraine should be reconsidered before MAXALT is administered to treat any subsequent attacks. MAXALT is not indicated for "
188,memantine hydrochloride,MEMANTINE HYDROCHLORIDE,MEMANTINE HYDROCHLORIDE,,,,None,1 INDICATIONS AND USAGE Memantine hydrochloride extended-release capsules are indicated for the treatment of moderate to severe dementia of the Alzheimer’s type. Memantine hydrochloride is a N-methyl-D-aspartate (NMDA) receptor antagonist indicated for the treatment of moderate to severe dementia of the Alzheimer’s type. ( 1 )
189,capecitabine,capecitabine,CAPECITABINE,,,,"WARNING: SERIOUS ADVERSE REACTIONS OR DEATH IN PATIENTS WITH COMPLETE DPD DEFICIENCY and BLEEDING WITH CONCOMITANT USE OF VITAMIN K ANTAGONISTS Increased risk of serious adverse reactions or death in patients with complete DPD deficiency Test patients for genetic variants of DPYD prior to initiating capecitabine tablets unless immediate treatment is necessary. Avoid use of capecitabine tablets in patients with certain homozygous or compound heterozygous DPYD variants that result in complete DPD deficiency [see Warnings and Precautions ( 5.1 )]. Increased risk of bleeding with concomitant use of Vitamin K antagonists Altered coagulation parameters and/or bleeding, including death, have been reported in patients taking c apecitabine tablets concomitantly with oral vitamin K antagonists, such as warfarin [see Warnings and Precautions ( 5.2 ) , Drug Interactions (7.2 ) ] . Clinically significant increases in prothrombin time (PT) and international normalized ratio (INR) have been reported in patients who were on stable doses of a vitamin K antagonist at the time capecitabine tablets was introduced. These events occurred in patients with and without liver metastases. Monitor INR more frequently and adjust the dose of the vitamin K antagonist as appropriate [see Drug Interactions (7.2) ] . WARNING: SERIOUS ADVERSE REACTIONS OR DEATH IN PATIENTS WITH COMPLETE DPD DEFICIENCY and BLEEDING WITH CONCOMITANT USE OF VITAMIN K ANTAGONISTS See full prescribing information for complete boxed warning. Serious adverse reactions or death may occur in patients with complete DPD deficiency. Test patients for genetic variants of DPYD prior to initiating capecitabine tablets unless immediate treatment is necessary. Avoid use of capecitabine tablets in patients with certain homozygous or compound heterozygous DPYD variants that result in complete DPD deficiency. ( 5.1 ) Altered coagulation parameters and/or bleeding, including death, have been reported in patients taking capecitabine tablets concomitantly with oral vitamin K antagonists. ( 5.2, 7.2 ) Monitor international normalized ratio (INR) more frequently and adjust the dose of the vitamin K antagonist as appropriate. ( 7.2 )",1 INDICATIONS AND USAGE Capecitabine tablet is a nucleoside metabolic inhibitor indicated for: Colorectal Cancer • adjuvant treatment of patients with Stage III colon cancer as a single agent or as a component of a combination chemotherapy regimen. ( 1.1 ) • perioperative treatment of adults with locally advanced rectal cancer as a component of chemoradiotherapy. ( 1.1 ) • treatment of patients with unresectable or metastatic colorectal cancer as a single agent or as a component of a combination
190,trazodone hydrochloride,Trazodone Hydrochloride,TRAZODONE HYDROCHLORIDE,,,,"WARNING: SUICIDAL THOUGHTS and BEHAVIORS Antidepressants increased the risk of suicidal thoughts and behaviors in pediatric and young adult patients in short-term studies. Closely monitor all antidepressant-treated patients for clinical worsening, and for emergence of suicidal thoughts and behaviors [see Warnings and Precautions ( 5.1 )] . Trazodone is not approved for use in pediatric patients [see Use in Specific Populations ( 8.4 )] . WARNING: SUICIDAL THOUGHTS and BEHAVIORS See full prescribing information for complete boxed warning. Antidepressants increased the risk of suicidal thoughts and behaviors in pediatric and young adult patients ( 5.1 ) Closely monitor for clinical worsening and emergence of suicidal thoughts and behaviors ( 5.1 ) Trazodone is not approved for use in pediatric patients ( 8.4 )",1 INDICATIONS AND USAGE Trazodone is a selective serotonin reuptake inhibitor indicated for the treatment of major depressive disorder (MDD) ( 1 ). Trazodone hydrochloride tablets are indicated for the treatment of major depressive disorder (MDD) in adults.
191,mirabegron,MIRABEGRON,MIRABEGRON,,,,None,"1 INDICATIONS AND USAGE Mirabegron extended-release tablets are beta-3 adrenergic agonist indicated for the treatment of: Overactive bladder (OAB) in adult patients with symptoms of urge urinary incontinence, urgency, and urinary frequency. ( 1.1 ) 1.1 Adult Overactive Bladder (OAB) Mirabegron Extended-Release Tablets Monotherapy Mirabegron extended-release tablets are indicated for the treatment of OAB in adult patients with symptoms of urge urinary incontinence, urgency, and urinary frequency."
192,sevelamer carbonate,Sevelamer Carbonate,SEVELAMER CARBONATE,,,,None,1 INDICATIONS AND USAGE Sevelamer carbonate tablets are indicated for the control of serum phosphorus in adults and children 6 years of age and older with chronic kidney disease (CKD) on dialysis. Sevelamer carbonate tablet is a phosphate binder indicated for the control of serum phosphorus in adults and children 6 years of age and older with chronic kidney disease on dialysis. (1 )
194,leuprolide acetate,Lupron Depot,,,,,None,"1 INDICATIONS AND USAGE LUPRON DEPOT 3.75 mg is a gonadotropin-releasing hormone (GnRH) agonist indicated for: Endometriosis Management of endometriosis, including pain relief and reduction of endometriotic lesions. ( 1.1 ) In combination with a norethindrone acetate for initial management of the painful symptoms of endometriosis and for management of recurrence of symptoms. ( 1.1 ) Limitations of Use: The total duration of therapy with LUPRON DEPOT 3.75 mg plus add-back therapy should not excee"
195,air,Air,OXYGEN,,,,None,N/A
196,simvastatin,SIMVASTATIN,SIMVASTATIN,SLCO1B1,PA134865839,,None,"1 INDICATIONS AND USAGE Simvastatin tablets USP are indicated: To reduce the risk of total mortality by reducing risk of coronary heart disease death, non-fatal myocardial infarction and stroke, and the need for coronary and non-coronary revascularization procedures in adults with established coronary heart disease, cerebrovascular disease, peripheral vascular disease, and/or diabetes, who are at high risk of coronary heart disease events. As an adjunct to diet to reduce low-density lipoprotein "
197,diltiazem hydrochloride,diltiazem hydrochloride,DILTIAZEM HYDROCHLORIDE,,,,None,INDICATIONS AND USAGE Diltiazem hydrochloride extended-release capsules are indicated for the treatment of hypertension. It may be used alone or in combination with other antihypertensive medications. Diltiazem hydrochloride extended-release capsules are indicated for the management of chronic stable angina and angina due to coronary artery spasm.
199,levothyroxine sodium,levothyroxine sodium,LEVOTHYROXINE SODIUM,,,,"WARNING: NOT FOR TREATMENT OF OBESITY OR FOR WEIGHT LOSS Thyroid hormones, including Levothyroxine Sodium Tablets, either alone or with other therapeutic agents, should not be used for the treatment of obesity or for weight loss. In euthyroid patients, doses within the range of daily hormonal requirements are ineffective for weight reduction. Larger doses may produce serious or even life threatening manifestations of toxicity, particularly when given in association with sympathomimetic amines such as those used for their anorectic effects [see Adverse Reactions ( 6 ) , Drug Interactions ( 7.7 ) , and Overdosage ( 10 )] . WARNING: NOT FOR TREATMENT OF OBESITY OR FOR WEIGHT LOSS See full prescribing information for complete boxed warning • Thyroid hormones, including Levothyroxine Sodium Tablets should not be used for the treatment of obesity or for weight loss. • Doses beyond the range of daily hormonal requirements may produce serious or even life threatening manifestations of toxicity ( 6 , 10 ).","1 INDICATIONS AND USAGE Levothyroxine Sodium Tablets are L-thyroxine (T4) indicated for: • Hypothyroidism: As replacement therapy in primary (thyroidal), secondary (pituitary), and tertiary (hypothalamic) congenital or acquired hypothyroidism. ( 1 ) • Pituitary Thyrotropin (Thyroid-Stimulating Hormone, TSH) Suppression: As an adjunct to surgery and radioiodine therapy in the management of thyrotropin-dependent well-differentiated thyroid cancer. ( 1 ) Limitations of Use: - Not indicated for supp"
200,mafenide acetate,SULFAMYLON,MAFENIDE ACETATE,,,,None,INDICATIONS AND USAGE SULFAMYLON Cream is a topical agent indicated for adjunctive therapy of patients with second- and third-degree burns.
201,indomethacin,Indomethacin,INDOMETHACIN,,,,"WARNING: RISK OF SERIOUS CARDIOVASCULAR AND GASTROINTESTINAL EVENTS WARNING: RISK OF SERIOUS CARDIOVASCULAR AND GASTROINTESTINAL EVENTS See full prescribing information for complete boxed warning. Nonsteroidal anti-inflammatory drugs (NSAIDs) cause an increased risk of serious cardiovascular thrombotic events, including myocardial infarction and stroke, which can be fatal. This risk may occur early in treatment and may increase with duration of use ( 5.1 ) Indomethacin capsules are contraindicated in the setting of coronary artery bypass graft (CABG) surgery ( 4 , 5.1 ) NSAIDs cause an increased risk of serious gastrointestinal (GI) adverse events including bleeding, ulceration, and perforation of the stomach or intestines, which can be fatal. These events can occur at any time during use and without warning symptoms. Elderly patients and patients with a prior history of peptic ulcer disease and/or GI bleeding are at greater risk for serious GI events ( 5.2 ) Cardiovascular Thrombotic Events Nonsteroidal anti-inflammatory drugs (NSAIDs) cause an increased risk of serious cardiovascular thrombotic events, including myocardial infarction and stroke, which can be fatal. This risk may occur early in treatment and may increase with duration of use [ see Warnings and Precautions (5.1) ]. Indomethacin capsules are contraindicated in the setting of coronary artery bypass graft (CABG) surgery [ see Contraindications (4) and Warnings and Precautions (5.1) ] . Gastrointestinal Bleeding, Ulceration, and Perforation NSAIDs cause an increased risk of serious gastrointestinal (GI) adverse events including bleeding, ulceration, and perforation of the stomach or intestines, which can be fatal. These events can occur at any time during use and without warning symptoms. Elderly patients and patients with a prior history of peptic ulcer disease and/or GI bleeding are at greater risk for serious GI events [ see Warnings and Precautions (5.2) ].",1 INDICATIONS AND USAGE Indomethacin capsules are indicated for: Moderate to severe rheumatoid arthritis including acute flares of chronic disease Moderate to severe ankylosing spondylitis Moderate to severe osteoarthritis Acute painful shoulder (bursitis and/or tendinitis) Acute gouty arthritis Indomethacin capsules are nonsteroidal anti-inflammatory drug indicated for: Moderate to severe rheumatoid arthritis including acute flares of chronic disease Moderate to severe ankylosing spondylitis Mo
202,capsaicin,Nufabrx Medicine Infused Ankle Sleeve,CAPSAICIN,,,,None,Uses Temporary relieves minor pain associated with: arthritis ankle pain muscle strains sprains bruises cramps
203,hydrocortisone acetate,Cortifoam,HYDROCORTISONE ACETATE,,,,None,INDICATIONS AND USAGE Cortifoam ® is indicated as adjunctive therapy in the topical treatment of ulcerative proctitis of the distal portion of the rectum in patients who cannot retain hydrocortisone or other corticosteroid enemas.
204,metoprolol,METOPROLOL TARTRATE,METOPROLOL TARTRATE,,,,None,"1 INDICATIONS AND USAGE Metoprolol tartrate tablet is a beta-adrenergic blocker indicated for the treatment of: • Hypertension, to lower blood pressure. Lowering blood pressure reduces the risk of fatal and non-fatal cardiovascular events, primarily strokes and myocardial infarctions. ( 1.1 ) • Angina Pectoris. ( 1.2 ) • Myocardial Infarction, to reduce the risk of cardiovascular mortality when used in conjunction with intravenous metoprolol therapy in patients with definite or suspected acute m"
205,vancomycin hydrochloride,Vancomycin Hydrochloride,VANCOMYCIN HYDROCHLORIDE,,,,None,"INDICATIONS AND USAGE Vancomycin Hydrochloride for Injection, USP is indicated for the treatment of serious or severe infections caused by susceptible strains of methicillin-resistant (β-lactam-resistant) staphylococci. It is indicated for penicillin-allergic patients, for patients who cannot receive or who have failed to respond to other drugs, including the penicillins or cephalosporins, and for infections caused by vancomycin-susceptible organisms that are resistant to other antimicrobial dru"
207,azacitidine for,AZACITIDINE,AZACITIDINE,,,,None,"1 INDICATIONS AND USAGE Azacitidine for injection is a nucleoside metabolic inhibitor indicated for the treatment of: Adult patients with the following FAB myelodysplastic syndrome (MDS) subtypes: Refractory anemia (RA) or refractory anemia with ringed sideroblasts (RARS) (if accompanied by neutropenia or thrombocytopenia or requiring transfusions), refractory anemia with excess blasts (RAEB), refractory anemia with excess blasts in transformation (RAEB-T), and chronic myelomonocytic leukemia (C"
208,lorazepam,Lorazepam,LORAZEPAM,,,,"WARNING: RISKS FROM CONCOMITANT USE WITH OPIOIDS; ABUSE, MISUSE, AND ADDICTION; and DEPENDENCE AND WITHDRAWAL REACTIONS • Concomitant use of benzodiazepines and opioids may result in profound sedation, respiratory depression, coma, and death. Reserve concomitant prescribing of these drugs for patients for whom alternative treatment options are inadequate. Limit dosages and durations to the minimum required. Follow patients for signs and symptoms of respiratory depression and sedation (see WARNINGS and PRECAUTIONS ). • The use of benzodiazepines, including lorazepam, exposes users to risks of abuse, misuse, and addiction, which can lead to overdose or death. Abuse and misuse of benzodiazepines commonly involve concomitant use of other medications, alcohol, and/or illicit substances, which is associated with an increased frequency of serious adverse outcomes. Before prescribing lorazepam and throughout treatment, assess each patient’s risk for abuse, misuse, and addiction (see WARNINGS ). • The continued use of benzodiazepines, including lorazepam, may lead to clinically significant physical dependence. The risks of dependence and withdrawal increase with longer treatment duration and higher daily dose. Abrupt discontinuation or rapid dosage reduction of lorazepam after continued use may precipitate acute withdrawal reactions, which can be life-threatening. To reduce the risk of withdrawal reactions, use a gradual taper to discontinue lorazepam or reduce the dosage ( DOSAGE AND ADMINISTRATION and WARNINGS ).","INDICATIONS AND USAGE Lorazepam tablets are indicated for the management of anxiety disorders or for the short-term relief of the symptoms of anxiety or anxiety associated with depressive symptoms. Anxiety or tension associated with the stress of everyday life usually does not require treatment with an anxiolytic. The effectiveness of lorazepam tablets in long-term use, that is, more than 4 months, has not been assessed by systematic clinical studies. The physician should periodically reassess t"
210,ranolazine,Ranolazine,RANOLAZINE,,,,None,"1 INDICATIONS AND USAGE Ranolazine extended-release tablet is indicated for the treatment of chronic angina. Ranolazine extended-release tablet may be used with beta-blockers, nitrates, calcium channel blockers, anti-platelet therapy, lipid-lowering therapy, ACE inhibitors, and angiotensin receptor blockers. Ranolazine extended-release tablet is an antianginal indicated for the treatment of chronic angina. ( 1 )"
211,witch hazel,Witch Hazel,WITCH HAZEL,,,,None,Use for relief of minor skin irritations due to: insects bites minor cuts monor scrapes
212,sitagliptin and metformin hydrochloride,ZITUVIMET,SITAGLIPTIN,,,,"WARNING: LACTIC ACIDOSIS WARNING: LACTIC ACIDOSIS See full prescribing information for complete boxed warning . Postmarketing cases of metformin-associated lactic acidosis have resulted in death, hypothermia, hypotension, and resistant bradyarrhythmias. Symptoms included malaise, myalgias, respiratory distress, somnolence, and abdominal pain. Laboratory abnormalities included elevated blood lactate levels, anion gap acidosis, increased lactate/pyruvate ratio, and metformin plasma levels generally >5 mcg/mL. ( 5.1 ) Risk factors include renal impairment, concomitant use of certain drugs, age ≥65 years old, radiological studies with contrast, surgery and other procedures, hypoxic states, excessive alcohol intake, hepatic impairment, mitochondrial diseases. Steps to reduce the risk of and manage metformin-associated lactic acidosis in these high-risk groups are provided in the Full Prescribing Information. ( 5.1 ) If lactic acidosis is suspected, discontinue ZITUVIMET and institute general supportive measures in a hospital setting. Prompt hemodialysis is recommended. ( 5.1 ) Postmarketing cases of metformin-associated lactic acidosis have resulted in death, hypothermia, hypotension, and resistant bradyarrhythmias. The onset of metformin-associated lactic acidosis is often subtle, accompanied only by nonspecific symptoms such as malaise, myalgias, respiratory distress, somnolence, and abdominal pain. Metformin-associated lactic acidosis was characterized by elevated blood lactate levels (>5 mmol/Liter), anion gap acidosis (without evidence of ketonuria or ketonemia), an increased lactate/pyruvate ratio, and metformin plasma levels generally >5 mcg/mL [see Warnings and Precautions ( 5.1 )] . Risk factors for metformin-associated lactic acidosis include renal impairment, concomitant use of certain drugs (e.g., carbonic anhydrase inhibitors such as topiramate), age 65 years old or greater, having a radiological study with contrast, surgery and other procedures, hypoxic states (e.g., acute congestive heart failure), excessive alcohol intake, hepatic impairment and mitochondrial diseases [see Warnings and Precautions (5.1)] . Steps to reduce the risk of and manage metformin-associated lactic acidosis in these high risk groups are provided in the full prescribing information [see Dosage and Administration ( 2.2 )>, Contraindications ( 4 ), Warnings and Precautions ( 5.1 ), Drug Interactions ( 7 ), and Use in Specific Populations ( 8.6 , 8.7 )] . If metformin-associated lactic acidosis is suspected, immediately discontinue ZITUVIMET and institute general supportive measures in a hospital setting. Prompt hemodialysis is recommended [see Warnings and Precautions ( 5.1 )] .","1 INDICATIONS AND USAGE ZITUVIMET is a combination of sitagliptin, a dipeptidyl peptidase-4 (DPP-4) inhibitor, and metformin hydrochloride (HCl), a biguanide, indicated as an adjunct to diet and exercise to improve glycemic control in adults with type 2 diabetes mellitus. ( 1 ) Limitations of Use: ZITUVIMET is not recommended in patients with type 1 diabetes mellitus. ( 1 ) ZITUVIMET has not been studied in patients with a history of pancreatitis. ( 1 ) ZITUVIMET is indicated as an adjunct to di"
213,cholestyramine light,CHOLESTYRAMINE LIGHT,CHOLESTYRAMINE,,,,None,"INDICATIONS AND USAGE 1) Cholestyramine for Oral Suspension, USP Light powder is indicated as adjunctive therapy to diet for the reduction of elevated serum cholesterol in patients with primary hypercholesterolemia (elevated low density lipoprotein [LDL] cholesterol) who do not respond adequately to diet. Cholestyramine for Oral Suspension, USP Light powder may be useful to lower LDL cholesterol in patients who also have hypertriglyceridemia, but it is not indicated where hypertriglyceridemia is"
214,sodium chloride,Sodium Chloride,SODIUM CHLORIDE,,,,None,"INDICATIONS AND USAGE This sterile, nonpyrogenic electrolyte solution is indicated for all general irrigation, washing, rinsing and dilution purposes including blood cell washing (when used in conjunction with automated intraoperative blood salvaging equipment)."
215,paroxetine hydrochloride hemihydrate,Paroxetine,PAROXETINE HYDROCHLORIDE HEMIHYDRATE,,,,"WARNING: SUICIDAL THOUGHTS AND BEHAVIORS Antidepressants increased the risk of suicidal thoughts and behaviors in pediatric and young adult patients in short-term studies. Closely monitor all antidepressant-treated patients for clinical worsening, and for emergence of suicidal thoughts and behaviors [see Warnings and Precautions ( 5.1 )] . Paroxetine tablets are not approved for use in pediatric patients [see Use in Specific Populations ( 8.4 )] . WARNING: SUICIDAL THOUGHTS AND BEHAVIORS See full prescribing information for complete boxed warning. Increased risk of suicidal thoughts and behavior in pediatric and young adult patients taking antidepressants. Closely monitor all antidepressant-treated patients for clinical worsening and emergence of suicidal thoughts and behaviors. Paroxetine tablets are not approved for use in pediatric patients. ( 5.1 , 8.4 )",1 INDICATIONS AND USAGE Paroxetine tablets are indicated in adults for the treatment of: Major depressive disorder (MDD) Obsessive compulsive disorder (OCD) Panic disorder (PD) Social anxiety disorder (SAD) Generalized anxiety disorder (GAD) Posttraumatic stress disorder (PTSD) Paroxetine tablets are a selective serotonin reuptake inhibitor (SSRI) indicated in adults for the treatment of ( 1 ): Major Depressive Disorder (MDD) Obsessive Compulsive Disorder (OCD) Panic Disorder (PD) Social Anxiety
219,"dextroamphetamine saccharate, amphetamine aspartate, dextroamphetamine sulfate and amphetamine sulfate","DEXTROAMPHETAMINE SACCHARATE, AMPHETAMINE ASPARTATE, DEXTROAMPHETAMINE SULFATE AND AMPHETAMINE SULFATE",DEXTROAMPHETAMINE SACCHARATE,,,,"WARNING: ABUSE, MISUSE, AND ADDICTION DEXTROAMPHETAMINE SACCHARATE, AMPHETAMINE ASPARTATE, DEXTROAMPHETAMINE SULFATE AND AMPHETAMINE SULFATE TABLETS has a high potential for abuse and misuse, which can lead to the development of a substance use disorder, including addiction. Misuse and abuse of CNS stimulants, including DEXTROAMPHETAMINE SACCHARATE, AMPHETAMINE ASPARTATE, DEXTROAMPHETAMINE SULFATE AND AMPHETAMINE SULFATE TABLETS, can result in overdose and death (see OVERDOSAGE), and this risk is increased with higher doses or unapproved methods of administration, such as snorting or injection. Before prescribing DEXTROAMPHETAMINE SACCHARATE, AMPHETAMINE ASPARTATE, DEXTROAMPHETAMINE SULFATE AND AMPHETAMINE SULFATE TABLETS, assess each patient’s risk for abuse, misuse, and addiction. Educate patients and their families about these risks, proper storage of the drug, and proper disposal of any unused drug. Throughout DEXTROAMPHETAMINE SACCHARATE, AMPHETAMINE ASPARTATE, DEXTROAMPHETAMINE SULFATE AND AMPHETAMINE SULFATE TABLETS treatment, reassess each patient’s risk of abuse, misuse, and addiction and frequently monitor for signs and symptoms of abuse, misuse, and addiction (see WARNINGS and DRUG ABUSE AND DEPENDENCE).","INDICATIONS AND USAGE Dextroamphetamine Saccharate, Amphetamine Aspartate, Dextroamphetamine Sulfate and Amphetamine Sulfate Tablets (Mixed Salts of a Single Amphetamine Product) are indicated for the treatment of Attention Deficit Hyperactivity Disorder (ADHD) and Narcolepsy. Attention Deficit Hyperactivity Disorder (ADHD) A diagnosis of Attention Deficit Hyperactivity Disorder (ADHD; DSM-IV ® ) implies the presence of hyperactive-impulsive or inattentive symptoms that caused impairment and wer"
221,"alfalfa, cadmium sulphuratum, calcarea carbonica, cuprum metallicum, ferrum metallicum, fucus vesiculosus, hypericum perforatum, kali phosphoricum, magnesia phosphorica, manganum metallicum, mercurius vivus, plumbum metallicum, silicea, symphytum officinale, tarentula hispana, x-ray, ytterbium oxide",EMF Protect and Balance,MEDICAGO SATIVA WHOLE,,,,None,USES: • For the temporary relief of symptoms including: • jet lag • body aches • nervousness • muscle cramps • fatigue These statements are based upon homeopathic principles. They have not been reviewed by the Food and Drug Administration.
223,dimenhydrinate,Motion Sickness Relief,DIMENHYDRINATE,,,,None,Uses for prevention and treatment of these symptoms associated with motion sickness: nausea vomiting dizziness
226,lansoprazole,Lansoprazole,LANSOPRAZOLE,,,,None,1 INDICATIONS AND USAGE Lansoprazole delayed-release capsules are a proton pump inhibitor (PPI) indicated for the: Treatment of active duodenal ulcer in adults ( 1.1 ) Eradication of H. pylori to reduce the risk of duodenal ulcer recurrence in adults ( 1.2 ) Maintenance of healed duodenal ulcers in adults ( 1.3 ) Treatment of active benign gastric ulcer in adults ( 1.4 ) Healing of nonsteroidal anti-inflammatory drugs (NSAID)-associated gastric ulcer in adults ( 1.5 ) Risk reduction of NSAID-ass
227,antacid tablets,Premier Value Chewable Antacid Assorted Fruit,CALCIUM CARBONATE,,,,None,Uses relieves: • heartburn • sour stomach • acid indigestion • upset stomach associated with these symptoms
228,prednisolone acetate,PRED FORTE,PREDNISOLONE ACETATE,,,,None,"INDICATIONS AND USAGE PRED FORTE ® is indicated for the treatment of steroid-responsive inflammation of the palpebral and bulbar conjunctiva, cornea, and anterior segment of the globe."
229,zoledronic acid,Zoledronic acid,ZOLEDRONIC ACID,,,,None,"1 INDICATIONS AND USAGE Zoledronic acid injection is a bisphosphonate indicated for the treatment of: Hypercalcemia of malignancy. (1.1) Patients with multiple myeloma and patients with documented bone metastases from solid tumors, in conjunction with standard antineoplastic therapy. Prostate cancer should have progressed after treatment with at least one hormonal therapy. (1.2) Limitations of Use : The safety and efficacy of zoledronic acid injection has not been established for use in hyperpar"
230,pseudoephedrine hydrochloride,Pseudoephedrine hydrochloride,PSEUDOEPHEDRINE HYDROCHLORIDE,,,,None,"Uses temporarily relieves nasal congestion due to the common cold, hay fever or other upper respiratory allergies temporarily relieves sinus congestion and pressure"
232,"octinoxate, octisalate, zinc oxide",BOTANICAL SOOTHING SPF-30,OCTINOXATE,,,,None,"USE A SOOTHING, CALMING AND HYDRATING MOISTURIZER IN ONE. ALSO HELPS TO REDUCE THE APPEARANCE OF SKIN FLUSHING, REDNESS AND VASCULAR STIMULATION. CONTAINING SPF 30 TO FIGHT THE SIGNES OF AGING. A MUST FOR THOSE SUFFERING WITH SKIN AND SUN SENSITIVITIES."
235,"avobenzone, homosalate, octisalate, octocrylene, and oxybenzone",Equate Beauty Daily Moisturizer SPF-30 Sunscreen,AVOBENZONE,,,,None,Uses helps to prevent sunburn if used as directed with other sun protection measures (see Directions ) decreases the risk of skin cancer and early skin aging caused by the sun
236,tetracycline hydrochloride,Tetracycline Hydrochloride,TETRACYCLINE HYDROCHLORIDE,,,,None,"INDICATIONS AND USAGE To reduce the development of drug-resistant bacteria and maintain the effectiveness of tetracycline hydrochloride and other antibacterial drugs, tetracycline hydrochloride should be used only to treat infections that are proven or strongly suspected to be caused by susceptible bacteria. When culture and susceptibility information are available, they should be considered in selecting or modifying antibacterial therapy. In the absence of such data, local epidemiology and susc"
237,eptifibatide,Eptifibatide,EPTIFIBATIDE,,,,None,1 INDICATIONS AND USAGE Eptifibatide injection is a platelet aggregation inhibitor indicated for: Treatment of acute coronary syndrome (ACS) managed medically or with percutaneous coronary intervention (PCI) (1.1) Treatment of patients undergoing PCI (including intracoronary stenting) (1.2) 1.1 Acute Coronary Syndrome (ACS) Eptifibatide injection is indicated to decrease the rate of a combined endpoint of death or new myocardial infarction (MI) in patients with ACS (unstable angina [UA]/non-ST-e
238,atorvastatin calcium,Atorvastatin calcium,ATORVASTATIN CALCIUM TRIHYDRATE,,,,None,"1 INDICATIONS AND USAGE Atorvastatin calcium tablets are indicated: To reduce the risk of: Myocardial infarction (MI), stroke, revascularization procedures, and angina in adults with multiple risk factors for coronary heart disease (CHD) but without clinically evident CHD MI and stroke in adults with type 2 diabetes mellitus with multiple risk factors for CHD but without clinically evident CHD Non-fatal MI, fatal and non-fatal stroke, revascularization procedures, hospitalization for congestive "
240,cyclobenzaprine hydrochloride,Cyclobenzaprine Hydrochloride,CYCLOBENZAPRINE HYDROCHLORIDE,,,,None,"INDICATIONS AND USAGE Cyclobenzaprine hydrochloride tablets, USP are indicated as an adjunct to rest and physical therapy for relief of muscle spasm associated with acute, painful musculoskeletal conditions. Improvement is manifested by relief of muscle spasm and its associated signs and symptoms, namely, pain, tenderness, limitation of motion, and restriction in activities of daily living. Cyclobenzaprine hydrochloride tablets, USP should be used only for short periods (up to two or three weeks"
241,lisinopril and hydrochlorothiazide tablets,Lisinopril and Hydrochlorothiazide,LISINOPRIL,,,,"WARNING: FETAL TOXICITY When pregnancy is detected, discontinue lisinopril and hydrochlorothiazide tablets as soon as possible. Drugs that act directly on the renin-angiotensin system can cause injury and death to the developing fetus. See Warnings, Fetal Toxicity .","INDICATIONS AND USAGE Lisinopril and hydrochlorothiazide tablets are indicated for the treatment of hypertension, to lower blood pressure. Lowering blood pressure lowers the risk of fatal and non-fatal cardiovascular events, primarily strokes and myocardial infarctions. These benefits have been seen in controlled trials of antihypertensive drugs from a wide variety of pharmacologic classes including lisinopril and hydrochlorothiazide. Control of high blood pressure should be part of comprehensiv"
243,doxycycline,DOXYCYCLINE,DOXYCYCLINE,,,,None,"INDICATIONS AND USAGE To reduce the development of drug-resistant bacteria and maintain effectiveness of doxycycline and other antibacterial drugs, doxycycline should be used only to treat or prevent infections that are proven or strongly suspected to be caused by susceptible bacteria. When culture and susceptibility information are available, they should be considered in selecting or modifying antibacterial therapy. In the absence of such data, local epidemiology and susceptibility patterns may"
248,lidocaine patch 4%,Re-Lieved Lidocaine Patch,LIDOCAINE,,,,None,Indications & Usage For the temporary relief of pain.
249,"apis mellifica, borax, carduus marianus, cistus canadensis, echinacea (angustifolia), galium aparine, hepar suis, hepar sulphuris calcareum, human growth hormone, hypophysis suis, nitricum acidum, phytolacca decandra, sulphur, thuja occidentalis, thymus suis",Vital Immune Booster,APIS MELLIFERA,,,,None,"INDICATIONS: May help support the body's natural defense mechanisms and may temporarily relieve symptoms such as: • tendency towards colds or flu • intermittent joint pain • weakness and fatigue • occasional sleeplessness** **Claims based on traditional homeopathic practice, not accepted medical evidence. Not FDA evaluated."
251,coffea cruda,Coffea Cruda,ARABICA COFFEE BEAN,,,,None,USE: To be used according to standard homeopathic indications.
252,serdexmethylphenidate and dexmethylphenidate,AZSTARYS,SERDEXMETHYLPHENIDATE CHLORIDE,,,,"WARNING: ABUSE, MISUSE, AND ADDICTION AZSTARYS has a high potential for abuse and misuse, which can lead to the development of a substance use disorder, including addiction. Misuse and abuse of CNS stimulants, including AZSTARYS, can result in overdose and death [see Overdosage ( 10 )], and this risk is increased with higher doses or unapproved methods of administration, such as snorting or injection. Before prescribing AZSTARYS, assess each patient’s risk for abuse, misuse, and addiction. Educate patients and their families about these risks, proper storage of the drug, and proper disposal of any unused drug. Throughout AZSTARYS treatment, reassess each patient’s risk of abuse, misuse, and addiction and frequently monitor for signs and symptoms of abuse, misuse, and addiction [see Warnings and Precautions ( 5.1 ) and Drug Abuse and Dependence ( 9.2 )]. WARNING: ABUSE, MISUSE, AND ADDICTION See full prescribing information for complete boxed warning. AZSTARYS has a high potential for abuse and misuse, which can lead to the development of a substance use disorder, including addiction. Misuse and abuse of CNS stimulants, including AZSTARYS, can result in overdose and death ( 5.1 , 9.2 , 10 ): Before prescribing AZSTARYS, assess each patient’s risk for abuse, misuse, and addiction. Educate patients and their families about these risks, proper storage of the drug, and proper disposal of any unused drug. Throughout treatment, reassess each patient’s risk and frequently monitor for signs and symptoms of abuse, misuse, and addiction.","1 INDICATIONS AND USAGE AZSTARYS is indicated for the treatment of Attention Deficit Hyperactivity Disorder (ADHD) in patients 6 years of age and older. Limitations of Use The use of AZSTARYS is not recommended in pediatric patients younger than 6 years of age because they had higher plasma exposure and a higher incidence of adverse reactions (e.g., weight loss) than patients 6 years and older at the same dosage [see Warnings and Precautions ( 5.7 ), Use in Specific Populations ( 8.4 )]. AZSTARY"
253,"cadmium sulfate, graphite, phosphoric acid, silicon dioxide, selenium, thallium, ustilago maydis",Hair-X Hair Loss Relief,CADMIUM SULFATE,,,,None,"Indications & Usage: Turn tube upside down, twist cap to break seal & release pellets. Using clear cap, place 3 pellets to dissolve under your tongue 3 times a day or as needed. Take apart from food or drinks. To preserve purity avoid touching pellets with fingers."
257,amoxicillin and clavulanate potassium,AMOXICILLIN AND CLAVULANATE POTASSIUM,AMOXICILLIN,,,,None,"1 INDICATIONS AND USAGE Amoxicillin and Clavulanate Potassium is indicated for the treatment of infections in adults and pediatric patients, due to susceptible isolates of the designated bacteria in the conditions listed below: Lower Respiratory Tract Infections - caused by beta‑lactamase–producing isolates of Haemophilus influenzae and Moraxella catarrhalis . Acute Bacterial Otitis Media - caused by beta‑lactamase–producing isolates of H. influenzae and M. catarrhalis . Sinusitis - caused by be"
259,trimethobenzamide hydrochloride,Trimethobenzamide Hydrochloride,TRIMETHOBENZAMIDE HYDROCHLORIDE,,,,None,"1 INDICATIONS AND USAGE Trimethobenzamide hydrochloride capsules is indicated in adults for the treatment of postoperative nausea and vomiting and for nausea associated with gastroenteritis. Limitation of Use: Trimethobenzamide hydrochloride capsules is not recommended for use in pediatric patients due to the risk of extrapyramidal signs and symptoms and other serious central nervous system (CNS) effects, and the risk of exacerbation of the underlying disease in pediatric patients with Reye's sy"
262,haloperidol,Haloperidol,HALOPERIDOL,,,,"BOXED WARNING WARNING Increased Mortality in Elderly Patients with Dementia-Related Psychosis Elderly patients with dementia-related psychosis treated with antipsychotic drugs are at an increased risk of death. Analyses of seventeen placebo-controlled trials (modal duration of 10 weeks), largely in patients taking atypical antipsychotic drugs, revealed a risk of death in drug-treated patients of between 1.6 to 1.7 times the risk of death in placebo-treated patients. Over the course of a typical 10-week controlled trial, the rate of death in drug-treated patients was about 4.5%, compared to a rate of about 2.6% in the placebo group. Although the causes of death were varied, most of the deaths appeared to be either cardiovascular (e.g., heart failure, sudden death) or infectious (e.g., pneumonia) in nature. Observational studies suggest that, similar to atypical antipsychotic drugs, treatment with conventional antipsychotic drugs may increase mortality. The extent to which the findings of increased mortality in observational studies may be attributed to the antipsychotic drug as opposed to some characteristic(s) of the patients is not clear. Haloperidol is not approved for the treatment of patients with dementia-related psychosis (see WARNINGS ).","INDICATIONS AND USAGE Haloperidol tablets are indicated for use in the management of manifestations of psychotic disorders. Haloperidol tablets are indicated for the control of tics and vocal utterances of Tourette's Disorder in children and adults. Haloperidol tablets are effective for the treatment of severe behavior problems in children of combative, explosive hyperexcitability (which cannot be accounted for by immediate provocation). Haloperidol tablets are also effective in the short-term t"
263,"menthol, unspecified form",Biofreeze Professional,"MENTHOL, UNSPECIFIED FORM",,,,None,Uses Temporarily relieves minor aches and pains of muscles and joints associated with: simple backache arthritis strains bruises sprains
264,naproxen sodium,Aleve,NAPROXEN SODIUM,,,,None,Uses temporarily relieves minor aches and pains due to: minor pain of arthritis muscular aches backache menstrual cramps headache toothache the common cold temporarily reduces fever
266,glo skin beauty oil-free tinted primer spf 30,glo SKIN BEAUTY Oil-Free Tinted Primer SPF 30,ZINC OXIDE,,,,None,"Uses • helps prevent sunburn • if used as directed with other sun protection measures (see Directions), decreases the risk of skin cancer and early skin aging caused by the sun"
268,naltrexone hydrochloride,NALTREXONE HYDROCHLORIDE,NALTREXONE HYDROCHLORIDE,,,,None,INDICATIONS AND USAGE Naltrexone hydrochloride tablets are indicated in the treatment of alcohol dependence and for the blockade of the effects of exogenously administered opioids. Naltrexone hydrochloride tablets have not been shown to provide any therapeutic benefit except as part of an appropriate plan of management for the addictions.
269,ropinirole hydrochloride,ROPINIROLE HYDROCHLORIDE,ROPINIROLE HYDROCHLORIDE,,,,None,"1 INDICATIONS AND USAGE Ropinirole Tablets are a non-ergoline dopamine agonist indicated for the treatment of Parkinson’s disease (PD) and moderate-to-severe primary Restless Legs Syndrome (RLS). (1.1, 1.2). 1.1 Parkinson's Disease Ropinirole tablets are indicated for the treatment of Parkinson’s disease. 1.2 Restless Legs Syndrome Ropinirole tablets are indicated for the treatment of moderate-to-severe primary Restless Legs Syndrome (RLS)."
271,ketoconazole,Ketoconazole,KETOCONAZOLE,,,,None,"INDICATIONS & USAGE Ketoconazole shampoo, 2% is indicated for the treatment of tinea (pityriasis) versicolor caused by or presumed to be caused by Pityrosporum orbiculare (also known as Malassezia furfur or M. orbiculare ) . Note: Tinea (pityriasis) versicolor may give rise to hyperpigmented or hypopigmented patches on the trunk which may extend to the neck, arms and upper thighs. Treatment of the infection may not immediately result in normalization of pigment to the affected sites. Normalizati"
272,fenofibrate,Fenofibrate,FENOFIBRATE,,,,None,"1 INDICATIONS AND USAGE Fenofibrate tablet USP is a peroxisome proliferator-activated receptor (PPAR) alpha agonist indicated as an adjunct to diet: To reduce elevated LDL-C, Total-C, TG and Apo B, and to increase HDL-C in adult patients with primary hypercholesterolemia or mixed dyslipidemia ( 1.1 ). For treatment of adult patients with severe hypertriglyceridemia ( 1.2 ). Limitations of Use: Fenofibrate was not shown to reduce coronary heart disease morbidity and mortality in patients with typ"
273,gaunfacine,Guanfacine,GUANFACINE HYDROCHLORIDE,,,,None,"INDICATIONS AND USAGE Guanfacine Tablets, USP are indicated in the management of hypertension. Guanfacine hydrochloride may be given alone or in combination with other antihypertensive agents, especially thiazide-type diuretics."
274,guaifenesin,Mucinex,GUAIFENESIN,,,,None,Uses helps loosen phlegm (mucus) and thin bronchial secretions to rid the bronchial passageways of bothersome mucus and make coughs more productive
275,mirvetuximab soravtansine,ELAHERE,MIRVETUXIMAB SORAVTANSINE,,,,"WARNING: OCULAR TOXICITY ELAHERE can cause severe ocular toxicities, including visual impairment, keratopathy, dry eye, photophobia, eye pain, and uveitis [see Warnings and Precautions ( 5.1 ) and Adverse Reactions ( 6.1 )] . Conduct an ophthalmic exam including visual acuity and slit lamp exam prior to initiation of ELAHERE, every other cycle for the first 8 cycles, and as clinically indicated [see Dosage and Administration ( 2.3 )] . Administer prophylactic artificial tears and ophthalmic topical steroids [see Dosage and Administration ( 2.3 ) and Warnings and Precautions ( 5.1 )] . Withhold ELAHERE for ocular toxicities until improvement and resume at the same or reduced dose [see Dosage and Administration ( 2.4 ) and Warnings and Precautions ( 5.1 )] . Discontinue ELAHERE for Grade 4 ocular toxicities [see Dosage and Administration ( 2.4 ) and Warnings and Precautions ( 5.1 )] . WARNING: OCULAR TOXICITY See full prescribing information for complete boxed warning. ELAHERE can cause severe ocular toxicities, including visual impairment, keratopathy, dry eye, photophobia, eye pain, and uveitis. ( 5.1 , 6.1 ) Conduct an ophthalmic exam including visual acuity and slit lamp exam prior to initiation of ELAHERE, every other cycle for the first 8 cycles, and as clinically indicated. ( 2.3 ) Administer prophylactic artificial tears and ophthalmic topical steroids. ( 2.3 , 5.1 ) Withhold ELAHERE for ocular toxicities until improvement and resume at the same or reduced dose. ( 2.4 , 5.1 ) Discontinue ELAHERE for Grade 4 ocular toxicities. ( 2.4 , 5.1 )","1 INDICATIONS AND USAGE ELAHERE ® is indicated for the treatment of adult patients with folate receptor-alpha (FRα) positive, platinum-resistant epithelial ovarian, fallopian tube, or primary peritoneal cancer, who have received one to three prior systemic treatment regimens. Select patients for therapy based on an FDA-approved test [see Dosage and Administration ( 2.1 )]. ELAHERE is a folate receptor alpha (FRα)-directed antibody and microtubule inhibitor conjugate indicated for the treatment o"
276,lactulose,Enulose,LACTULOSE,,,,None,"INDICATIONS AND USAGE For the prevention and treatment of portal-systemic encephalopathy, including the stages of hepatic pre-coma and coma. Controlled studies have shown that lactulose solution therapy reduces the blood ammonia levels by 25 to 50%; this is generally paralleled by an improvement in the patients' mental state and by an improvement in EEG patterns. The clinical response has been observed in about 75% of patients, which is at least as satisfactory as that resulting from neomycin th"
277,ursodiol,Ursodiol,URSODIOL,,,,None,"INDICATIONS AND USAGE 1. Ursodiol is indicated for patients with radiolucent, noncalcified gallbladder stones < 20 mm in greatest diameter in whom elective cholecystectomy would be undertaken except for the presence of increased surgical risk due to systemic disease, advanced age, idiosyncratic reaction to general anesthesia, or for those patients who refuse surgery. Safety of use of ursodiol beyond 24 months is not established. 2. Ursodiol is indicated for the prevention of gallstone formation "
279,erythromycin,erythromycin,ERYTHROMYCIN,,,,None,"INDICATIONS AND USAGE Erythromycin Topical Solution USP, 2% is indicated for the topical treatment of acne vulgaris."
280,"bacitracin zinc, neomycin sulfate , polymyxin b sulfate.",Triple Antibiotic,BACITRACIN ZINC,,,,None,Uses first aid to help prevent infection in minor:● cuts ● scrapes ● burns
283,docetaxel anhydrous,Docetaxel,DOCETAXEL ANHYDROUS,,,,"WARNING: TOXIC DEATHS, HEPATOTOXICITY, NEUTROPENIA, HYPERSENSITIVITY REACTIONS, and FLUID RETENTION Treatment-related mortality associated with docetaxel is increased in patients with abnormal liver function, in patients receiving higher doses, and in patients with non-small cell lung carcinoma and a history of prior treatment with platinum-based chemotherapy who receive docetaxel as a single agent at a dose of 100 mg/m 2 [ see Warnings and Precautions (5.1) ] . Avoid the use of Docetaxel Injection in patients with bilirubin > upper limit of normal (ULN), or to patients with AST and/or ALT >1.5 × ULN concomitant with alkaline phosphatase >2.5 × ULN. Patients with elevations of bilirubin or abnormalities of transaminase concurrent with alkaline phosphatase are at increased risk for the development of severe neutropenia, febrile neutropenia, infections, severe thrombocytopenia, severe stomatitis, severe skin toxicity, and toxic death. Patients with isolated elevations of transaminase >1.5 × ULN also had a higher rate of febrile neutropenia. Measure bilirubin, AST or ALT, and alkaline phosphatase prior to each cycle of Docetaxel Injection [ see Warnings and Precautions (5.2) ]. Do not administer Docetaxel Injection to patients with neutrophil counts of <1500 cells/mm 3 . Monitor blood counts frequently as neutropenia may be severe and result in infection [ see Warnings and Precautions (5.3) ]. Do not administer Docetaxel Injection to patients who have a history of severe hypersensitivity reactions to docetaxel or to other drugs formulated with polysorbate 80 [ see Contraindications (4) ]. Severe hypersensitivity reactions have been reported in patients despite dexamethasone premedication. Hypersensitivity reactions require immediate discontinuation of the Docetaxel Injection infusion and administration of appropriate therapy [ see Warnings and Precautions (5.5) ]. Severe fluid retention occurred in 6.5% (6/92) of patients despite use of dexamethasone premedication. It was characterized by one or more of the following events: poorly tolerated peripheral edema, generalized edema, pleural effusion requiring urgent drainage, dyspnea at rest, cardiac tamponade, or pronounced abdominal distention (due to ascites) [ see Warnings and Precautions (5.6) ]. WARNING: TOXIC DEATHS, HEPATOTOXICITY, NEUTROPENIA, HYPERSENSITIVITY REACTIONS, and FLUID RETENTION See full prescribing information for complete boxed warning. • Treatment-related mortality increases with abnormal liver function, at higher doses, and in patients with NSCLC and prior platinum-based therapy receiving docetaxel at 100 mg/m 2 ( 5.1 ) • Avoid use of Docetaxel Injection if bilirubin > ULN, or if AST and/or ALT >1.5 × ULN concomitant with alkaline phosphatase >2.5 × ULN. LFT elevations increase risk of severe or life-threatening complications. Obtain LFTs before each treatment cycle ( 5.2 ) • Do not administer Docetaxel Injection to patients with neutrophil counts <1500 cells/mm 3 . Obtain frequent blood counts to monitor for neutropenia ( 4 , 5.3 ) • Severe hypersensitivity, including fatal anaphylaxis, has been reported in patients who received dexamethasone premedication. Severe reactions require immediate discontinuation of Docetaxel Injection and administration of appropriate therapy ( 5.5 ) • Contraindicated if history of severe hypersensitivity reactions to docetaxel or to drugs formulated with polysorbate 80 ( 4 ) • Severe fluid retention may occur despite dexamethasone ( 5.6 )","1 INDICATIONS AND USAGE Docetaxel Injection is a microtubule inhibitor indicated for: • Breast Cancer (BC): single agent for locally advanced or metastatic BC after chemotherapy failure; and with doxorubicin and cyclophosphamide as adjuvant treatment of operable node-positive BC ( 1.1 ) • Non-small Cell Lung Cancer (NSCLC): single agent for locally advanced or metastatic NSCLC after platinum therapy failure; and with cisplatin for unresectable, locally advanced or metastatic untreated NSCLC ( 1."
284,baclofen,BACLOFEN,BACLOFEN,,,,None,"INDICATIONS AND USAGE Baclofen tablets, USP are useful for the alleviation of signs and symptoms of spasticity resulting from multiple sclerosis, particularly for the relief of flexor spasms and concomitant pain, clonus, and muscular rigidity. Patients should have reversible spasticity so that baclofen treatment will aid in restoring residual function. Baclofen tablets, USP may also be of some value in patients with spinal cord injuries and other spinal cord diseases. Baclofen tablets, USP are n"
285,clonidine hydrochloride,Clonidine Hydrochloride,CLONIDINE HYDROCHLORIDE,,,,None,1 INDICATIONS AND USAGE Clonidine hydrochloride extended-release tablets are indicated for the treatment of attention deficit hyperactivity disorder (ADHD) as monotherapy and as adjunctive therapy to stimulant medications [see Clinical Studies (14) ] . Clonidine hydrochloride extended-release tablets are a centrally acting alpha 2 -adrenergic agonist indicated for the treatment of attention deficit hyperactivity disorder (ADHD) as monotherapy or as adjunctive therapy to stimulant medications. ( 
286,argentum metalicum,SilvaPlex Throat,SILVER,,,,None,"INDICATIONS: For relief of sore throat.* *These statements have not been evaluated by the FDA. Product not intended to diagnose, treat, cure or prevent desease."
287,octinoxate,Note Mattifying Extreme Wear Foundation,OCTINOXATE,,,,None,"Uses Helps prevent sunburn. if used as directed with other sun protection measures (see Directions ), decreases the risk of skin cancer and early skin aging caused by the sun"
288,minoxidil,kirkland signature minoxidil,MINOXIDIL,,,,None,"Use to regrow hair on the top of the scalp (vertex only, see pictures on side of carton)"
289,naturium dew-glow moisturizer spf 50,NATURIUM Dew-Glow Moisturizer SPF 50,OCTISALATE,,,,None,"Uses Helps prevent sunburn. If used as directed with other sun protection measures (see directions), decreases the risk of skin cancer and early skin aging caused by the sun."
292,decitabine,Decitabine,DECITABINE,,,,None,"1 INDICATIONS AND USAGE Decitabine for Injection is indicated for treatment of adult patients with myelodysplastic syndromes (MDS) including previously treated and untreated, de novo and secondary MDS of all French-American-British subtypes (refractory anemia, refractory anemia with ringed sideroblasts, refractory anemia with excess blasts, refractory anemia with excess blasts in transformation, and chronic myelomonocytic leukemia) and intermediate-1, intermediate-2, and high-risk International "
293,sport spf 70 lotion,H.E.B. Solutions Sunscreen,AVOBENZONE,,,,None,"Uses • Helps prevent sunburn • If used as directed with other sun protection measures (see Directions ), decreases the risk of skin cancer and early skin aging caused by the sun"
294,triamcinolone acetonide,Trilona,,,,,None,INDICATIONS & USAGE Topical corticosteroids are indicated for the relief of the inflammatory and pruritic manifestations of corticosteroid-responsive dermatoses.
295,tadalafil,tadalafil,TADALAFIL,,,,None,"1 INDICATIONS AND USAGE Tadalafil is a phosphodiesterase 5 (PDE5) inhibitor indicated for the treatment of: erectile dysfunction (ED) ( 1.1 ) the signs and symptoms of benign prostatic hyperplasia (BPH) ( 1.2 ) ED and the signs and symptoms of BPH (ED/BPH) ( 1.3 ) If tadalafil is used with finasteride to initiate BPH treatment, such use is recommended for up to 26 weeks ( 1.4 ). 1.1 Erectile Dysfunction Tadalafil tablets are indicated for the treatment of erectile dysfunction (ED). 1.2 Benign Pr"
296,caffeine,Stay Awake,CAFFEINE,,,,None,Use helps restore mental alertness or wakefulness when experiencing fatigue or drowsiness
303,nitrous oxide,NITROUS OXIDE,NITROUS OXIDE,,,,None,N/A
305,"aconitum napellus, bryonia root, calcium cation, spongia officinalis skeleton, roasted, tin, medicago sativa leaf, oat, arabica coffee bean",Cough and Bronchial Nighttime Syrup,ACONITUM NAPELLUS,,,,None,Indications & Usage Temporarily relieves coughs due to minor throat and bronchial irritation as may occur with a cold. Helps loosen phlegm (mucus) and thin bronchial secretions to drain bronchial tubes. Soothes the throat.
306,baclofen injection,Gablofen,BACLOFEN,,,,"BOXED WARNING WARNING: DO NOT DISCONTINUE ABRUPTLY Abrupt discontinuation of intrathecal baclofen, regardless of the cause, has resulted in sequelae that include high fever, altered mental status, exaggerated rebound spasticity, and muscle rigidity, that in rare cases has advanced to rhabdomyolysis, multiple organ-system failure and death. Prevention of abrupt discontinuation of intrathecal baclofen requires careful attention to programming and monitoring of the infusion system, refill scheduling and procedures, and pump alarms. Patients and caregivers should be advised of the importance of keeping scheduled refill visits and should be educated on the early symptoms of baclofen withdrawal. Special attention should be given to patients at apparent risk (e.g., spinal cord injuries at T-6 or above, communication difficulties, history of withdrawal symptoms from oral or intrathecal baclofen). Consult the technical manual of the implantable infusion system for additional post-implant clinician and patient information [ see Warnings and Precautions (5.4) ]. WARNING: DO NOT DISCONTINUE ABRUPTLY See full prescribing information for complete boxed warning Abrupt discontinuation of intrathecal baclofen, regardless of the cause, has resulted in sequelae that include high fever, altered mental status, exaggerated rebound spasticity, and muscle rigidity, that in rare cases has advanced to rhabdomyolysis, multiple organ-system failure and death. Prevention of abrupt discontinuation of intrathecal baclofen requires careful attention to programming and monitoring of the infusion system, refill scheduling and procedures, and pump alarms. Patients and caregivers should be advised of the importance of keeping scheduled refill visits and should be educated on the early symptoms of baclofen withdrawal. Special attention should be given to patients at apparent risk (e.g., spinal cord injuries at T-6 or above, communication difficulties, history of withdrawal symptoms from oral or intrathecal baclofen). Consult the technical manual of the implantable infusion system for additional post-implant clinician and patient information. ( 5.4 )","1 INDICATIONS AND USAGE GABLOFEN is indicated for use in the management of severe spasticity in adult and pediatric patients age 4 years and above. Patients should first respond to a screening dose of intrathecal baclofen prior to consideration for long term infusion via an implantable pump. For spasticity of spinal cord origin, chronic infusion of GABLOFEN via an implantable pump should be reserved for patients unresponsive to oral baclofen therapy, or those who experience intolerable CNS side "
307,essence black pepper and cedarwood scent 48h fresh and dry antiperspirant,Axe,ALUMINUM ZIRCONIUM TETRACHLOROHYDREX GLY,,,,None,Uses • reduces underarm wetness • 48 Hour Protection
308,black frozen pear and cedarwood scent 48h fresh and dry antiperspirant,Axe,ALUMINUM ZIRCONIUM TETRACHLOROHYDREX GLY,,,,None,Uses • reduces underarm wetness • 48 Hour Protection
309,dark temptation dark chocolate scent 48h fresh and dry antiperspirant,Axe,ALUMINUM ZIRCONIUM TETRACHLOROHYDREX GLY,,,,None,Uses • reduces underarm wetness • 48 Hour Protection
310,phoenix crushed mint and rosemary 48h fresh and dry antiperspirant,Axe,ALUMINUM ZIRCONIUM TETRACHLOROHYDREX GLY,,,,None,Uses • reduces underarm wetness • 48 Hour Protection
315,propylhexedrine,BENZEDREX,PROPYLHEXEDRINE,,,,None,"Uses For the temporarily relief of nasal congestion due to a cold, hay fever, or other upper respiratory allergies (allergic rhinitis)."
317,hypromellose ophthalmic solution,Vista Gonio Eye Lubricant,HYPROMELLOSE 2208 (100 MPA.S),,,,None,Uses for use as a lubricant to prevent further irritation to relieve dryness of the eye
318,meb gluco-vitality patch,MEB Gluco-Vitality Patch,MAGNESIUM SULFATE HEPTAHYDRATE,,,,None,"The MEB PainGuard Patch is designed to provide effective pain relief and treat various types of pain, providing fast-acting and long-lasting relief from pain, helping to alleviate discomfort caused by muscle pain, nerve pain, and other common types of pain. This innovative patch targets and treats the underlying inflammation that causes pain to help eliminate the root cause of pain, leading to more effective and sustainable pain relief. The Gluco Vitality Patch assists individuals with diabetes "
319,"lidocaine 4%, menthol 1%",DCH Nerve Pain Relief,LIDOCAINE,,,,None,Temporarily relieves minor pain
321,"travoprost ophthalmic solution, 0.004%","Travoprost Ophthalmic Solution, 0.004%",TRAVOPROST,,,,None,1 INDICATIONS AND USAGE Travoprost ophthalmic solution (ionic buffered solution) 0.004% is indicated for the reduction of elevated intraocular pressure (IOP) in patients with open-angle glaucoma or ocular hypertension. Travoprost ophthalmic solution (ionic buffered solution) is a prostaglandin analog indicated for the reduction of elevated intraocular pressure (IOP) in patients with open-angle glaucoma or ocular hypertension. ( 1 )
322,nitrogen oxygen mix,Nitrogen Oxygen Mix,OXYGEN,,,,None,N/A
323,menthol 10.5%,DCH Cooling Pain Relief,MENTHOL,,,,None,"For the temporary relief of minor aches and pain associated with arthritis, simple backache, muscle strains, bruises, sprains, and cramps."
324,cefazolin,Cefazolin,CEFAZOLIN SODIUM,,,,None,"INDICATIONS AND USAGE Cefazolin for Injection, USP is indicated for the treatment of the following serious infections when due to susceptible organisms. Respiratory Tract Infections: Due to S. pneumoniae, Klebsiella species , H. influenzae, S. aureus (penicillin-sensitive and penicillin-resistant), and group A beta-hemolytic streptococci. Injectable benzathine penicillin is considered the drug of choice in treatment and prevention of streptococcal infections, including the prophylaxis of rheumat"
325,lidocaine hcl 4%,DCH Pain Relief,LIDOCAINE HYDROCHLORIDE,,,,None,"Adults and children over 12 years : apply a thin layer to the affected area every 6 to 8 hours, not to exceed 3 applications in a 24-hour period. AFTER APPLYING, WASH HANDS WITH SOAP AND WATER. Children under 12 years or younger: ask a doctor."
326,norgestimate and ethinyl estradiol,Norgestimate and Ethinyl Estradiol,,,,,"WARNING: CIGARETTE SMOKING AND SERIOUS CARDIOVASCULAR EVENTS Cigarette smoking increases the risk of serious cardiovascular events from combination oral contraceptive (COC) use. This risk increases with age, particularly in women over 35 years of age, and with the number of cigarettes smoked. For this reason, COCs are contraindicated in women who are over 35 years of age and smoke [see Contraindications ( 4 )]. WARNING: CIGARETTE SMOKING and SERIOUS CARDIOVASCULAR EVENTS See full prescribing information for complete boxed warning. Sprintec is contraindicated in women over 35 years old who smoke. (4) Cigarette smoking increases the risk of serious cardiovascular events from combination oral contraceptives (COC) use. (4)","1 INDICATIONS AND USAGE Sprintec ® is a combination of norgestimate, a progestin, and ethinyl estradiol, an estrogen, indicated for use by females of reproductive potential to prevent pregnancy. ( 1.1 ) 1.1 Oral Contraceptive Sprintec ® (norgestimate and ethinyl estradiol tablets) is indicated for use by females of reproductive potential to prevent pregnancy [see Clinical Studies ( 14 )]."
327,metoprolol tartrate,Metoprolol Tartrate,METOPROLOL TARTRATE,,,,None,"1 INDICATIONS AND USAGE Metoprolol tartrate tablets are a beta-adrenergic blocker indicated for the treatment of: Hypertension, to lower blood pressure. Lowering blood pressure reduces the risk of fatal and non-fatal cardiovascular events, primarily strokes and myocardial infarctions. ( 1.1 ) Angina Pectoris. ( 1.2 ) Myocardial Infarction, to reduce the risk of cardiovascular mortality when used in conjunction with intravenous metoprolol therapy in patients with definite or suspected acute myoca"
328,ranitidine,Ranitidine,RANITIDINE HYDROCHLORIDE,,,,None,Use(s) relieves heartburn associated with acid indigestion and sour stomach prevents heartburn associated with acid indigestion and sour stomach brought on by eating or drinking certain foods and beverages
331,celecoxib,CELECOXIB,CELECOXIB,,,,"WARNING: RISK OF SERIOUS CARDIOVASCULAR AND GASTRO-INTESTINAL EVENTS Cardiovascular Thrombotic Events Nonsteroidal anti-inflammatory drugs (NSAIDs) cause an increased risk of serious cardiovascular thrombotic events, including myocardial infarction, and stroke, which can be fatal. This risk may occur early in the treatment and may increase with duration of use [ see Warnings and Precautions (5.1) ]. Celecoxib is contraindicated in the setting of coronary artery bypass graft (CABG) surgery [ see Contraindications (4) and Warnings and Precautions (5.1) ]. Gastrointestinal Bleeding, Ulceration, and Perforation NSAIDs cause an increased risk of serious gastrointestinal (GI) adverse events including bleeding, ulceration, and perforation of the stomach or intestines, which c an be fatal. These events can occur at any time during use and without warning symptoms. Elderly patients and patients with a prior history of peptic ulcer disease and/or GI bleeding are at greater risk for serious GI events [ see Warnings and Precautions (5.2) ]. WARNING: RISK OF SERIOUS CARDIOVASCULAR AND GASTROINTESTINAL EVENTS See full prescribing information for complete boxed warning. Nonsteroidal anti-inflammatory drugs (NSAIDs) cause an increased risk of serious cardiovascular thrombotic events, including myocardial infarction and stroke, which can be fatal. This risk may occur early in the treatment and may increase with duration of use. ( 5.1 ) Celecoxib is contraindicated in the setting of coronary artery bypass graft (CABG) surgery. ( 4 , 5.1 ) NSAIDs cause an increased risk of serious gastrointestinal (GI) adverse events including bleeding, ulceration, and perforation of the stomach or intestines, which can be fatal. These events can occur at any time during use and without warning symptoms. Elderly patients and patients with a prior history of peptic ulcer disease and/or GI bleeding are at greater risk for serious GI events. ( 5.2 )",1. INDICATIONS AND USAGE Celecoxib is indicated Celecoxib is a nonsteroidal anti-inflammatory drug indicated for: Osteoarthritis (OA) ( 1.1 ) Rheumatoid Arthritis (RA) ( 1.2 ) Juvenile Rheumatoid Arthritis (JRA) in patients 2 years and older ( 1.3 ) Ankylosing Spondylitis (AS) ( 1.4 ) Acute Pain (AP) ( 1.5 ) Primary Dysmenorrhea (PD) ( 1.6 ) 1.1 Osteoarthritis For the management of the signs and symptoms of OA [ see Clinical Studies (14.1) ]. 1.2 Rheumatoid Arthritis For the management of the si
332,finasteride,Finasteride,FINASTERIDE,,,,None,"1 INDICATIONS & USAGE Finasteride tablets USP are indicated for the treatment of male pattern hair loss (androgenetic alopecia) in MEN ONLY. Efficacy in bitemporal recession has not been established. Finasteride tablets USP are not indicated for use in women. • Finasteride tablets USP are 5α-reductase inhibitors indicated for the treatment of male pattern hair loss (androgenetic alopecia) in MEN ONLY ( 1 ). • Finasteride tablets USP are not indicated for use in women ( 1 , 4 , 5.1 )."
338,menthol 4%,DCH Cooling Pain Relief,MENTHOL,,,,None,"For the temporary relief of minor aches and pains associated with arthritis, simple backache, strains, sprains, and bruises."
339,allantoin 0.5%,DCH Scar,ALLANTOIN,,,,None,Apply as needed.
340,sildenafil citrate,SILDENAFIL CITRATE,SILDENAFIL CITRATE,,,,None,1 INDICATIONS AND USAGE Sildenafil tablets are indicated for the treatment of erectile dysfunction. Sildenafil is a phosphodiesterase-5 (PDE5) inhibitor indicated for the treatment of erectile dysfunction (ED)
341,"avobenzone, homosalate, octisalate, octocrylene",ISA KNOX ANEW SOLAIRE EVERYDAY FACE PROTECTION BROAD SPECTRUM SPF 50 SUNSCREEN,OCTISALATE,,,,None,"USES helps prevent sunburn if used as directed with other sun protection measures (see Directions ), decreases the risk of skin cancer and early skin aging caused by the sun"
342,advanced peach and chamomile tea dry spray 72h antiperspirant deodorant,Dove,ALUMINUM SESQUICHLOROHYDRATE,,,,None,Uses • reduces underarm wetness
343,"lidocaine 5%, phenylephrine hydrochloride 0.25%",DCH Rapid Relief Hemorrhoidal,LIDOCAINE,,,,None,Helps relieve the local itching and discomfort associated with anorectal disorders or inflammation.
345,doxepin hydrochloride,Doxepin hydrochloride,DOXEPIN HYDROCHLORIDE,,,,None,"1 INDICATIONS AND USAGE Doxepin tablets are indicated for the treatment of insomnia characterized by difficulty with sleep maintenance. The clinical trials performed in support of efficacy were up to 3 months in duration. Doxepin tablets are indicated for the treatment of insomnia characterized by difficulties with sleep maintenance. ( 1 , 14 )"
346,fexofenadine hcl,Fexofenadine HCL,FEXOFENADINE HYDROCHLORIDE,,,,None,"Uses temporarily relieves these symptoms due to hay fever or other upper respiratory allergies: ■ runny nose ■ itchy, watery eyes ■ sneezing ■ itching of the nose or throat"
347,lidocaine 4%,DCH Pain Relief,LIDOCAINE,,,,None,"Adults and children 2 years and older: apply to the affected area, not more than 3 to 4 times a day. Children under 2 years of age: consult a physician. To apply to face, squeeze into palm of hand and gently apply."
348,avobenzone/octisalate/octocrylene,Mary Kay TimeWise Daytime Defender Sunscreen Broad Spectrum SPF 30,OCTISALATE,,,,None,Uses Helps prevent sunburn.
349,ramelteon,Ramelteon,RAMELTEON,,,,None,"1 INDICATIONS AND USAGE Ramelteon Tablets are indicated for the treatment of insomnia characterized by difficulty with sleep onset. The clinical trials performed in support of efficacy were up to six months in duration. The final formal assessments of sleep latency were performed after two days of treatment during the crossover study (elderly only), at five weeks in the six week studies (adults and elderly), and at the end of the six month study (adults and elderly) [see Clinical Studies (14) ] "
350,apraclonidine hydrochloride ophthalmic solution,IOPIDINE 1%,APRACLONIDINE HYDROCHLORIDE,,,,None,"INDICATIONS AND USAGE IOPIDINE 1% Ophthalmic Solution is indicated to control or prevent post-surgical elevations in IOP that occur in patients after argon laser trabeculoplasty, argon laser iridotomy or Nd:YAG posterior capsulotomy."
351,"camphor (synthetic), eucalyptus oil, menthol",Vicks childrens VapoRub,CAMPHOR (SYNTHETIC),,,,None,"Uses when applied to chest and throat, temporarily relieves cough due to minor throat and bronchial irritation associated with the common cold when applied to muscles and joints, temporarily relieves minor aches and pains of muscles and joints"
352,clonazepam,Clonazepam,CLONAZEPAM,,,,"WARNING: RISKS FROM CONCOMITANT USE WITH OPIOIDS; ABUSE, MISUSE, AND ADDICTION; and DEPENDENCE AND WITHDRAWAL REACTIONS Concomitant use of benzodiazepines and opioids may result in profound sedation, respiratory depression, coma, and death. Reserve concomitant prescribing of these drugs for patients for whom alternative treatment options are inadequate. Limit dosages and durations to the minimum required. Follow patients for signs and symptoms of respiratory depression and sedation (see WARNINGS and PRECAUTIONS ). The use of benzodiazepines, including clonazepam tablets, exposes users to risks of abuse, misuse, and addiction, which can lead to overdose or death. Abuse and misuse of benzodiazepines commonly involve concomitant use of other medications, alcohol, and/or illicit substances, which is associated with an increased frequency of serious adverse outcomes. Before prescribing clonazepam tablets and throughout treatment, assess each patient’s risk for abuse, misuse, and addiction (see WARNINGS ). The continued use of benzodiazepines, including clonazepam tablets, may lead to clinically significant physical dependence. The risks of dependence and withdrawal increase with longer treatment duration and higher daily dose. Abrupt discontinuation or rapid dosage reduction of clonazepam tablets after continued use may precipitate acute withdrawal reactions, which can be life-threatening. To reduce the risk of withdrawal reactions, use a gradual taper to discontinue clonazepam tablets or reduce the dosage (see DOSAGE AND ADMINISTRATION and WARNINGS ).","INDICATIONS AND USAGE Seizure Disorders: Clonazepam tablets are useful alone or as an adjunct in the treatment of the Lennox-Gastaut syndrome (petit mal variant), akinetic, and myoclonic seizures. In patients with absence seizures (petit mal) who have failed to respond to succinimides, clonazepam tablets may be useful. Some loss of effect may occur during the course of clonazepam treatment (see PRECAUTIONS : Loss of Effect ). Panic Disorder: Clonazepam tablets are indicated for the treatment of "
353,lisinopril and hydrochlorothiazide,Lisinopril and Hydrochlorothiazide,HYDROCHLOROTHIAZIDE,,,,"WARNING: FETAL TOXICITY See full prescribing information for complete boxed warning. When pregnancy is detected, discontinue lisinopril and hydrochlorothiazide as soon as possible. Drugs that act directly on the renin-angiotensin system can cause injury and death to the developing fetus. See WARNINGS: Fetal Toxicity .","INDICATIONS AND USAGE Lisinopril and hydrochlorothiazide tablets USP are indicated for the treatment of hypertension, to lower blood pressure. Lowering blood pressure lowers the risk of fatal and non-fatal cardiovascular events, primarily strokes and myocardial infarctions. These benefits have been seen in controlled trials of antihypertensive drugs from a wide variety of pharmacologic classes including lisinopril and hydrochlorothiazide. Control of high blood pressure should be part of comprehe"
354,mesalamine,Mesalamine,MESALAMINE,,,,None,1 INDICATIONS AND USAGE Mesalamine delayed-release tablets are indicated for the treatment of moderately active ulcerative colitis in adults. Limitations of Use : Safety and effectiveness of mesalamine delayed-release tablets beyond 6 weeks have not been established. Mesalamine delayed-release tablets are an aminosalicylate indicated for the treatment of moderately active ulcerative colitis in adults. (1) Limitation of Use : Safety and effectiveness of mesalamine delayed-release tablets beyond 6
355,diphenhydramine hydrochloride,Diphenhydramine,DIPHENHYDRAMINE HYDROCHLORIDE,,,,None,"INDICATIONS AND USAGE Diphenhydramine hydrochloride injection, USP is effective in adults and pediatric patients, other than premature infants and neonates, for the following conditions when the oral form is impractical. Antihistaminic For amelioration of allergic reactions to blood or plasma, in anaphylaxis as an adjunct to epinephrine and other standard measures after the acute symptoms have been controlled and for other uncomplicated allergic conditions of the immediate type when oral therapy"
358,"acetaminophen,caffeine",Tension Headache Pain Relieving Aid,ACETAMINOPHEN,,,,None,Uses Temporarily relieves minor aches and pains due to: headache muscular aches
359,benzoyl peroxide,Dr. Zenovia Acne Cleanser,BENZOYL PEROXIDE,,,,None,Uses For the treatment and management of acne Penetrates pores to eliminate most acne and blemishes Helps prevent development of new acne blemishes and blackheads
360,amoxicillin,AMOXICILLIN,AMOXICILLIN,,,,None,"INDICATIONS & USAGE SECTION To reduce the development of drug-resistant bacteria and maintain the effectiveness of amoxicillin for oral suspension, USP and other antibacterial drugs, amoxicillin for oral suspension, USP should be used only to treat infections that are proven or strongly suspected to be caused by bacteria. When culture and susceptibility information are available, they should be considered in selecting or modifying antibacterial therapy. In the absence of such data, local epidemi"
361,eszopiclone,Eszopiclone,ESZOPICLONE,,,,"WARNING: COMPLEX SLEEP BEHAVIORS Complex sleep behaviors including sleep-walking, sleep-driving, and engaging in other activities while not fully awake may occur following use of eszopiclone tablets. Some of these events may result in serious injuries, including death. Discontinue eszopiclone tablets immediately if a patient experiences a complex sleep behavior [see Contraindications ( 4 ) and Warnings and Precautions ( 5.1 )]. WARNING: COMPLEX SLEEP BEHAVIORS See full prescribing information for complete boxed warning. Complex sleep behaviors including sleep-walking, sleep-driving, and engaging in other activities while not fully awake may occur following use of eszopiclone tablets. Some of these events may result in serious injuries, including death. Discontinue eszopiclone tablets immediately if a patient experiences a complex sleep behavior ( 4 , 5.1 ).","1 INDICATIONS AND USAGE Eszopiclone tablets are indicated for the treatment of insomnia. In controlled outpatient and sleep laboratory studies, eszopiclone tablets administered at bedtime decreased sleep latency and improved sleep maintenance. The clinical trials performed in support of efficacy were up to 6 months in duration. The final formal assessments of sleep latency and maintenance were performed at 4 weeks in the 6-week study (adults only), at the end of both 2-week studies (elderly only"
362,tizanidne hydrochloride,Tizanidne hydrochloride,TIZANIDINE HYDROCHLORIDE,,,,None,"1 INDICATIONS AND USAGE Tizanidine hydrochloride is indicated for the management of spasticity. Because of the short duration of therapeutic effect, treatment with tizanidine hydrochloride should be reserved for those daily activities and times when relief of spasticity is most important [see Dosage and Administration ( 2.1 )]. Tizanidine hydrochloride is a central alpha-2-adrenergic agonist indicated for the management of spasticity. Because of the short duration of therapeutic effect, treatmen"
364,clindamycin phosphate,Clindamycin Phosphate,CLINDAMYCIN PHOSPHATE,,,,None,"INDICATIONS AND USAGE Clindamycin phosphate topical lotion is indicated in the treatment of acne vulgaris. In view of the potential for diarrhea, bloody diarrhea and pseudomembranous colitis, the physician should consider whether other agents are more appropriate (see CONTRAINDICATIONS , WARNINGS and ADVERSE REACTIONS )."
365,apollo sage and cedarwood scent 48h fresh and dry antiperspirant,Axe,ALUMINUM ZIRCONIUM TETRACHLOROHYDREX GLY,,,,None,Uses • reduces underarm wetness • 48 Hour Protection
367,salicylic acid gel,HerbaGlow Baiwooxia Anti-Acne Gel,SALICYLIC ACID,,,,None,Uses Anti-acne Tighten skin Moisturize Improve fine lines Whitening
373,"acetaminophen, dextromethorphan hydrobromide, guaifenesin, phenylephrine hydrochloride",basic care daytime severe cold and flu,ACETAMINOPHEN,,,,None,Uses temporarily relieves common cold/flu symptoms: • nasal congestion • sinus congestion and pressure • cough due to minor throat and bronchial irritation • minor aches and pains • headache • fever • sore throat • reduces swelling of nasal passages • temporarily restores freer breathing through the nose • promotes nasal and/or sinus drainage • helps loosen phlegm (mucus) and thin bronchial secretions to rid the bronchial passageways of bothersome mucus and make coughs more productive
374,pregabalin,PREGABALIN,PREGABALIN,,,,None,1 INDICATIONS AND USAGE Pregabalin capsules are indicated for: Management of neuropathic pain associated with diabetic peripheral neuropathy Management of postherpetic neuralgia Adjunctive therapy for the treatment of partial-onset seizures in patients 1 month of age and older Management of fibromyalgia Management of neuropathic pain associated with spinal cord injury Pregabalin capsules are indicated for: Neuropathic pain associated with diabetic peripheral neuropathy (DPN) (1 ) Postherpetic ne
375,carvedilol,Carvedilol,CARVEDILOL,,,,None,"1 INDICATIONS AND USAGE Carvedilol tablets are an alpha/beta-adrenergic blocking agent indicated for the treatment of: mild to severe chronic heart failure ( 1.1 ) left ventricular dysfunction following myocardial infarction in clinically stable patients( 1.2 ) hypertension( 1.3 ) 1.1 Heart Failure Carvedilol tablets are indicated for the treatment of mild-to-severe chronic heart failure of ischemic or cardiomyopathic origin, usually in addition to diuretics, ACE inhibitors, and digitalis, to in"
378,guaifenesin and pseudoephedrine hcl,Mucus Relief D,GUAIFENESIN,,,,None,Uses helps loosen phlegm (mucus) and thin bronchial secretions to rid the bronchial passageways of bothersome mucus and make coughs more productive temporarily relieves nasal congestion due to: common cold hay fever upper respiratory allergies temporarily restores freer breathing through the nose promotes nasal and/or sinus drainage temporarily relieves sinus congestion and pressure
379,tropicamide,Tropicamide,TROPICAMIDE,,,,None,INDICATIONS AND USAGE For mydriasis and cycloplegia for diagnostic procedures.
380,chlorthalidone,Chlorthalidone,CHLORTHALIDONE,,,,None,"INDICATIONS AND USAGE Diuretics such as chlorthalidone are indicated in the management of hypertension either as the sole therapeutic agent or to enhance the effect of other antihypertensive drugs in the more severe forms of hypertension. Chlorthalidone is indicated as adjunctive therapy in edema associated with congestive heart failure, hepatic cirrhosis, and corticosteroid and estrogen therapy. Chlorthalidone has also been found useful in edema due to various forms of renal dysfunction, such a"
381,doxycycline hyclate,DOXYCYCLINE HYCLATE,DOXYCYCLINE HYCLATE,,,,None,"INDICATIONS AND USAGE To reduce the development of drug-resistant bacteria and maintain effectiveness of doxycycline and other antibacterial drugs, doxycycline should be used only to treat or prevent infections that are proven or strongly suspected to be caused by susceptible bacteria. When culture and susceptibility information are available, they should be considered in selecting or modifying antibacterial therapy. In the absence of such data, local epidemiology and susceptibility patterns may"
382,fluticasone propionate nasal,Fluticasone Propionate,FLUTICASONE PROPIONATE,,,,None,"Uses Temporarily relieves these symptoms of hay fever or other upper respiratory allergies: nasal congestion itchy, watery eyes itchy nose runny nose sneezing"
383,trandolapril,Trandolapril,TRANDOLAPRIL,,,,"WARNING: FETAL TOXICITY When pregnancy is detected, discontinue trandolapril as soon as possible. Drugs that act directly on the renin-angiotensin system can cause injury and death to the developing fetus. (See WARNINGS: Fetal Toxicity .)",INDICATIONS AND USAGE Hypertension Trandolapril tablets USP are indicated for the treatment of hypertension. They may be used alone or in combination with other antihypertensive medication such as hydrochlorothiazide. Heart Failure Post Myocardial Infarction or Left-Ventricular Dysfunction Post Myocardial Infarction Trandolapril tablets USP are indicated in stable patients who have evidence of left-ventricular systolic dysfunction (identified by wall motion abnormalities) or who are symptomatic 
384,calcium carbonate,ANTACID,CALCIUM CARBONATE,,,,None,Uses relieves acid indigestion heartburn sour stomach upset stomach associated with these symptoms
385,codeine sulfate,Codeine sulfate,CODEINE SULFATE,,,,"WARNING: SERIOUS AND LIFE-THREATENING RISKS FROM USE OF CODEINE SULFATE TABLETS Addiction, Abuse, and Misuse Because the use of Codeine Sulfate Tablets exposes patients and other users to the risks of opioid addiction, abuse, and misuse, which can lead to overdose and death, assess each patient’s risk prior to prescribing and reassess all patients regularly for the development of these behaviors and conditions [see Warnings and Precautions ( 5.1 ), Dosage and Administration ( 2.1 )] . Life-Threatening Respiratory Depression Serious, life-threatening, or fatal respiratory depression may occur with use of Codeine Sulfate Tablets, especially during initiation or following a dosage increase. To reduce the risk of respiratory depression, proper dosing and titration of Codeine Sulfate Tablets are essential [see Warnings and Precautions ( 5.2 )] . Accidental Ingestion Accidental ingestion of even one dose of Codeine Sulfate Tablets, especially by children, can result in a fatal overdose of codeine [see Warnings and Precautions ( 5.2 )] . Risks From Concomitant Use With Benzodiazepines Or Other CNS Depressants Concomitant use of opioids with benzodiazepines or other central nervous system (CNS) depressants, including alcohol, may result in profound sedation, respiratory depression, coma, and death. Reserve concomitant prescribing of Codeine Sulfate Tablets and benzodiazepines or other CNS depressants for use in patients for whom alternative treatment options are inadequate [ see Warnings and Precautions ( 5.3 ), Drug Interactions ( 7 )] . Neonatal Opioid Withdrawal Syndrome (NOWS) Advise pregnant women using opioids for an extended period of time of the risk of Neonatal Opioid Withdrawal Syndrome, which may be life-threatening if not recognized and treated. Ensure that management by neonatology experts will be available at delivery. [see Warnings and Precautions ( 5.4 )] . Opioid Analgesic Risk Evaluation and Mitigation Strategy (REMS) Healthcare providers are strongly encouraged to complete a REMS-compliant education program and to counsel patients and caregivers on serious risks, safe use, and the importance of reading the Medication Guide with each prescription [see Warnings and Precautions ( 5.5 )] . Ultra-Rapid Metabolism of Codeine and Other Risk Factors for Life-Threatening Respiratory Depression in Children Life-threatening respiratory depression and death have occurred in children who received codeine. Most of the reported cases occurred following tonsillectomy and/or adenoidectomy, and many of the children had evidence of being an ultra-rapid metabolizer of codeine due to a CYP2D6 polymorphism [see Warnings and Precautions ( 5.6 )]. Codeine Sulfate Tablets are contraindicated in children younger than 12 years of age and in children younger than 18 years of age following tonsillectomy and/or adenoidectomy [see Contraindications ( 4 )]. Avoid the use of Codeine Sulfate Tablets in adolescents 12 to 18 years of age who have other risk factors that may increase their sensitivity to the respiratory depressant effects of codeine. Interactions with Drugs Affecting Cytochrome P450 Isoenzymes The effects of concomitant use or discontinuation of cytochrome P450 3A4 inducers, 3A4 inhibitors, or 2D6 inhibitors with codeine are complex. Use of cytochrome P450 3A4 inducers, 3A4 inhibitors, or 2D6 inhibitors with Codeine Sulfate Tablets requires careful consideration of the effects on the parent drug, codeine, and the active metabolite, morphine. [See Warnings and Precautions ( 5.7 ), Drug Interactions ( 7 )] . WARNING: SERIOUS AND LIFE-THREATENING RISKS FROM USE OF CODEINE SULFATE TABLETS See full prescribing information for complete boxed warning. • Codeine Sulfate Tablets exposes users to risks of addiction, abuse, and misuse, which can lead to overdose and death. Assess patient’s risk before prescribing and reassess regularly for these behaviors and conditions. ( 5.1 ) • Serious, life-threatening, or fatal respiratory depression may occur. Monitor closely, especially upon initiation or following a dosage increase. To reduce the risk of respiratory depression, proper dosing and titration of Codeine Sulfate Tablets are essential. ( 5.2 ) • Accidental ingestion of Codeine Sulfate Tablets, especially by children, can result in a fatal overdose of codeine. ( 5.2 ) • Concomitant use of opioids with benzodiazepines or other central nervous system (CNS) depressants, including alcohol, may result in profound sedation, respiratory depression, coma, and death. Reserve concomitant prescribing for use in patients for whom alternative treatment options are inadequate. ( 5.3 , 7 ) • Advise pregnant women using opioids for an extended period of time of the risk of Neonatal Opioid Withdrawal Syndrome, which may be life-threatening if not recognized and treated. Ensure that management by neonatology experts will be available at delivery. ( 5.4 ) • Healthcare providers are strongly encouraged to complete a REMS-compliant education program and to counsel patients and caregivers on serious risks, safe use, and the importance of reading the Medication Guide with each prescription. ( 5.5 ) • Life-threatening respiratory depression and death have occurred in children who received codeine; most cases followed tonsillectomy and/or adenoidectomy and many of the children had evidence of being an ultra-rapid metabolizer of codeine due to a CYP2D6 polymorphism. ( 5.6 ) Codeine Sulfate Tablets are contraindicated in children younger than 12 years of age and in children younger than 18 years of age following tonsillectomy and/or adenoidectomy ( 4 ). Avoid the use of Codeine Sulfate Tablets in adolescents 12 to 18 years of age who have other risk factors that may increase their sensitivity to the respiratory depressant effects of codeine. • The effects of concomitant use or discontinuation of cytochrome P450 3A4 inducers, 3A4 inhibitors, or 2D6 inhibitors with codeine are complex. Use of cytochrome P450 3A4 inducers, 3A4 inhibitors, or 2D6 inhibitors with Codeine Sulfate Tablets requires careful consideration of the effects on the parent drug, codeine, and the active metabolite, morphine. ( 5.7 , 7 )","1 INDICATIONS AND USAGE Codeine Sulfate Tablets are indicated for the management of mild to moderate pain, where treatment with an opioid is appropriate and for which alternative treatments are inadequate. Limitations of Use: • Because of the risks of addiction, abuse, misuse, overdose, and death, which can occur at any dosage or duration and persist over the course of therapy [see Warnings and Precautions ( 5.1 )] , reserve opioid analgesics, including Codeine Sulfate Tablets, for use in patien"
386,citalopram hydrobromide,Citalopram,CITALOPRAM HYDROBROMIDE,,,,"WARNING: SUICIDAL THOUGHTS AND BEHAVIORS Antidepressants increased the risk of suicidal thoughts and behaviors in pediatric and young adult patients in short-term studies. Closely monitor all antidepressant-treated patients for clinical worsening, and for emergence of suicidal thoughts and behaviors [see Warnings and Precautions (5.1) ] . Citalopram is not approved for use in pediatric patients [see Use in Specific Populations (8.4) ]. WARNING: SUICIDAL THOUGHTS AND BEHAVIORS See full prescribing information for complete boxed warning. Increased risk of suicidal thoughts and behavior in pediatric and young adult patients taking antidepressants. Closely monitor all antidepressant-treated patients for clinical worsening and emergence of suicidal thoughts and behaviors ( 5.1 ) . Citalopram is not approved for use in pediatric patients ( 8.4 ).",1 INDICATIONS AND USAGE Citalopram tablets are indicated for the treatment of major depressive disorder (MDD) in adults [see Clinical Studies (14) ] . Citalopram tablets are a selective serotonin reuptake inhibitor (SSRI) indicated for the treatment of major depressive disorder (MDD) in adults ( 1 ) .
387,"agaricus muscarius, cuprum met, hypophysis, rhus tox",Emvita 23,AMANITA MUSCARIA FRUITING BODY,,,,None,Uses: (†) Homeopathic remedy for general well being: tenseness.
388,olopatadine hydrochloride ophthalmic solution,Equate Olopatadine Hydrochloride Ophthalmic Solution,OLOPATADINE HYDROCHLORIDE,,,,None,"Uses temporarily relieves itchy and red eyes due to pollen, ragweed, grass, animal hair and dander"
389,solifenacin succinate,solifenacin succinate,SOLIFENACIN SUCCINATE,,,,None,"1 INDICATIONS AND USAGE Solifenacin succinate tablets are indicated for the treatment of adults with overactive bladder with symptoms of urge urinary incontinence, urgency, and urinary frequency. Solifenacin succinate tablets are a muscarinic antagonist indicated for the treatment of adults with overactive bladder with symptoms of urge urinary incontinence, urgency, and urinary frequency ( 1 )."
390,acetaminophen 500mg/ diphenhydramine hcl 25mg,Extra strength Acetaminophen PM,DIPHENHYDRAMINE HYDROCHLORIDE,,,,None,Uses temporary relief of occasional headaches and minor aches and pains with accompanying sleeplessness
392,megestrol acetate,Megestrol Acetate,MEGESTROL ACETATE,,,,None,"INDICATIONS AND USAGE Megestrol acetate oral suspension, USP is indicated for the treatment of anorexia, cachexia, or an unexplained, significant weight loss in patients with a diagnosis of acquired immunodeficiency syndrome (AIDS)."
393,"polymyxin b sulfate, bacitracin zinc, neomycin sulfate, and pramoxine hydrochloride",SUNMARK TRIPLE ANTIBIOTIC PLUS PAIN RELIEF,BACITRACIN ZINC,,,,None,Uses first aid to help prevent infection and for temporary relief of pain or discomfort in minor: cuts scrapes burns
395,isotretinoin,Isotretinoin,ISOTRETINOIN,,,,"CONTRAINDICATIONS AND WARNINGS Isotretinoin capsules must not be used by patients who are or may become pregnant. There is an extremely high risk that life-threatening birth defects will result if pregnancy occurs while taking isotretinoin capsules in any amount, even for short periods of time. Potentially any fetus exposed during pregnancy can be affected. There are no accurate means of determining whether an exposed fetus has been affected. Birth defects which have been documented following isotretinoin capsules exposure include abnormalities of the face, eyes, ears, skull, central nervous system, cardiovascular system, and thymus and parathyroid glands. Cases of IQ scores less than 85 with or without other abnormalities have been reported. There is an increased risk of spontaneous abortion, and premature births have been reported. Documented external abnormalities include: skull abnormality; ear abnormalities (including anotia, micropinna, small or absent external auditory canals); eye abnormalities (including microphthalmia); facial dysmorphia; cleft palate. Documented internal abnormalities include: CNS abnormalities (including cerebral abnormalities, cerebellar malformation, hydrocephalus, microcephaly, cranial nerve deficit); cardiovascular abnormalities; thymus gland abnormality; parathyroid hormone deficiency. In some cases death has occurred with certain of the abnormalities previously noted. If pregnancy does occur during treatment of a patient who is taking isotretinoin capsules, isotretinoin capsules must be discontinued immediately and the patient should be referred to an Obstetrician-Gynecologist experienced in reproductive toxicity for further evaluation and counseling. Special Prescribing Requirements Because of isotretinoin teratogenicity and to minimize fetal exposure, isotretinoin capsules approved for marketing only under a special restricted distribution program approved by the Food and Drug Administration. This REMS is called iPLEDGE ® . Isotretinoin capsules must only be prescribed by prescribers who are enrolled and activated with the iPLEDGE REMS. Isotretinoin capsule s must only be dispensed by a pharmacy enrolled and activated with iPLEDGE, and must only be dispensed to patients who are enrolled and meet all the requirements of iPLEDGE (see PRECAUTIONS ).","INDICATIONS AND USAGE Severe Recalcitrant Nodular Acne Isotretinoin capsules are indicated for the treatment of severe recalcitrant nodular acne. Nodules are inflammatory lesions with a diameter of 5 mm or greater. The nodules may become suppurative or hemorrhagic. ""Severe,"" by definition, 2 means ""many"" as opposed to ""few or several"" nodules. Because of significant adverse effects associated with its use, isotretinoin capsules should be reserved for patients with severe nodular acne who are unr"
396,"dextran, polyethylene glycol 400, povidone, tetrahydrozoline hcl",GoodSense Eye Drops Advanced Relief Moisturizer,POLYETHYLENE GLYCOL 400,,,,None,Uses • relieves redness of the eye due to minor eye irritations • as a lubricant to prevent further irritation or to relieve dryness of the eye
398,lurasidone hydrochloride,Lurasidone Hydrochloride,LURASIDONE HYDROCHLORIDE,,,,"WARNING: INCREASED MORTALITY IN ELDERLY PATIENTS WITH DEMENTIA-RELATED PSYCHOSIS; and SUICIDAL THOUGHTS AND BEHAVIORS Increased Mortality in Elderly Patients with Dementia-Related Psychosis Elderly patients with dementia-related psychosis treated with antipsychotic drugs are at an increased risk of death. Lurasidone hydrochloride is not approved for the treatment of patients with dementia-related psychosis [see Warnings and Precautions ( 5.1 )]. Suicidal Thoughts and Behaviors Antidepressants increased the risk of suicidal thoughts and behavior in pediatric and young adults in short-term studies. Closely monitor all antidepressant-treated patients for clinical worsening, and for emergence of suicidal thoughts and behaviors [see Warnings and Precautions ( 5.2 )]. WARNING: INCREASED MORTALITY IN ELDERLY PATIENTS WITH DEMENTIA-RELATED PSYCHOSIS; and SUICIDAL THOUGHTS AND BEHAVIORS See full prescribing information for complete boxed warning. Elderly patients with dementia-related psychosis treated with antipsychotic drugs are at an increased risk of death. Lurasidone hydrochloride is not approved for the treatment of patients with dementia-related psychosis ( 5.1 ). Antidepressants increased the risk of suicidal thoughts and behavior in pediatric and young adult patients. Closely monitor for clinical worsening and emergence of suicidal thoughts and behaviors. ( 5.2 ).",1 INDICATIONS AND USAGE Lurasidone hydrochloride tablets are indicated for: • Treatment of adult and adolescent patients (13 to 17 years) with schizophrenia [see Clinical Studies ( 14.1 )] . • Monotherapy treatment of adult and pediatric patients (10 to 17 years) with major depressive episode associated with bipolar I disorder (bipolar depression) [see Clinical Studies ( 14.2 )]. • Adjunctive treatment with lithium or valproate in adult patients with major depressive episode associated with bipo
400,"avobenzone, homosalate octisalate, octocrylene",CLEAR GLOW BROAD SPECTRUM SUNCREEN SPF 50,AVOBENZONE,,,,None,"USES Helps prevent sunburn. If used as directed with other sun protection measures (see directions), decreases the risk of skin cancer and early skin ageing caused by the sun."
401,sabal combination,Sabal Combination 9243,SAW PALMETTO,,,,None,"INDICATIONS For the temporary relief of mild abdominal pain, diarrhea, constipation, or hemorrhoids.*"
404,metaxalone,Metaxalone,METAXALONE,,,,None,"INDICATIONS AND USAGE Metaxalone is indicated as an adjunct to rest, physical therapy, and other measures for the relief of discomforts associated with acute, painful musculoskeletal conditions. The mode of action of this drug has not been clearly identified, but may be related to its sedative properties. Metaxalone does not directly relax tense skeletal muscles in man."
406,metformin hydrochloride,Metformin hydrochloride,METFORMIN HYDROCHLORIDE,,,,"WARNING: LACTIC ACIDOSIS Postmarketing cases of metformin-associated lactic acidosis have resulted in death, hypothermia, hypotension, and resistant bradyarrhythmias. The onset of metformin- associated lactic acidosis is often subtle, accompanied only by nonspecific symptoms such as malaise, myalgias, respiratory distress, somnolence, and abdominal pain. Metformin- associated lactic acidosis was characterized by elevated blood lactate levels (> 5 mmol/Liter), anion gap acidosis (without evidence of ketonuria or ketonemia), an increased lactate/pyruvate ratio; and metformin plasma levels generally > 5 mcg/mL [ see Warnings and Precautions ( 5.1 ) ]. Risk factors for metformin-associated lactic acidosis include renal impairment, concomitant use of certain drugs (e.g. carbonic anhydrase inhibitors such as topiramate), age 65 years old or greater, having a radiological study with contrast, surgery and other procedures, hypoxic states (e.g., acute congestive heart failure), excessive alcohol intake, and hepatic impairment. Steps to reduce the risk of and manage metformin-associated lactic acidosis in these high risk groups are provided [ see Dosage and Administration ( 2.2 ), Contraindications ( 4 ), Warnings and Precautions ( 5.1 ) ]. If metformin-associated lactic acidosis is suspected, immediately discontinue metformin hydrochloride extended-release tablets and institute general supportive measures in a hospital setting. Prompt hemodialysis is recommended [ see Warnings and Precautions ( 5.1 ) ]. WARNING: LACTIC ACIDOSIS See full prescribing information for complete boxed warning. Postmarketing cases of metformin-associated lactic acidosis have resulted in death, hypothermia, hypotension, and resistant bradyarrhythmias. Symptoms included malaise, myalgias, respiratory distress, somnolence, and abdominal pain. Laboratory abnormalities included elevated blood lactate levels, anion gap acidosis, increased lactate/pyruvate ratio; and metformin plasma levels generally > 5 mcg/mL. ( 5.1 ) Risk factors include renal impairment, concomitant use of certain drugs, age > 65 years old, radiological studies with contrast, surgery and other procedures, hypoxic states, excessive alcohol intake, and hepatic impairment. Steps to reduce the risk of and manage metformin- associated lactic acidosis in these high risk groups are provided in the Full Prescribing Information. ( 5.1 ) If lactic acidosis is suspected, discontinue metformin hydrochloride extended-release tablets and institute general supportive measures in a hospital setting. Prompt hemodialysis is recommended. ( 5.1 )","1 INDICATIONS AND USAGE Metformin hydrochloride extended-release tablets, USP are indicated as an adjunct to diet and exercise to improve glycemic control in adults with type 2 diabetes mellitus. Metformin hydrochloride extended-release tablets, USP are a biguanide indicated as an adjunct to diet and exercise to improve glycemic control in adults with type 2 diabetes mellitus. ( 1 )"
408,"methyl salicylate, menthol, unspecified form, and camphor (synthetic)",Tiger Balm Muscle Rub,METHYL SALICYLATE,,,,None,"Uses For temporary relief of minor aches and pains of muscles and joints associated with simple backache, arthritis, bruises, strains and sprains."
409,fluticasone propionate,Fluticasone Propionate,FLUTICASONE PROPIONATE,,,,None,"INDICATIONS AND USAGE Fluticasone Propionate Cream, 0.05% is a medium potency corticosteroid indicated for the relief of the inflammatory and pruritic manifestations of corticosteroid-responsive dermatoses. Fluticasone Propionate Cream, 0.05% may be used with caution in pediatric patients 3 months of age or older. The safety and efficacy of drug use for longer than 4 weeks in this population have not been established. The safety and efficacy of Fluticasone Propionate Cream, 0.05% in pediatric pa"
410,"titanium oxide, zinc oxide",NAKED SUNDAYS CABANA GLOW MINERAL GLOW SERUM DROPS PEARL 40mL with Pink Algae SPF 50,TITANIUM DIOXIDE,,,,None,"USES Uses: Helps prevent sunburn. If used as directed with other sun protection measures (see directions), decreases the risk of skin cancer and early skin ageing caused by the sun."
413,hydrogen peroxide,Hydrogen Peroxide,HYDROGEN PEROXIDE,,,,None,"Uses first aid to help prevent the risk of infection in minor cuts, scrapes and burns aids in the removal of phlegm, mucous, or other secretions associated with occasional sore mouth"
414,quetiapine,Quetiapine,QUETIAPINE FUMARATE,,,,"WARNING: INCREASED MORTALITY IN ELDERLY PATIENTS WITH DEMENTIA-RELATED PSYCHOSIS; and SUICIDAL THOUGHTS AND BEHAVIORS Increased Mortality in Elderly Patients with Dementia-Related Psychosis Elderly patients with dementia-related psychosis treated with antipsychotic drugs are at an increased risk of death [ see Warnings and Precautions (5.1) ]. Quetiapine is not approved for the treatment of patients with dementia-related psychosis [ see Warnings and Precautions (5.1) ]. Suicidal Thoughts and Behaviors Antidepressants increased the risk of suicidal thoughts and behavior in children, adolescents, and young adults in short-term studies. These studies did not show an increase in the risk of suicidal thoughts and behavior with antidepressant use in patients over age 24; there was a reduction in risk with antidepressant use in patients aged 65 and older [ see Warnings and Precautions (5.2) ]. In patients of all ages who are started on antidepressant therapy, monitor closely for worsening, and for emergence of suicidal thoughts and behaviors. Advise families and caregivers of the need for close observation and communication with the prescriber [ see Warnings and Precautions (5.2) ]. Quetiapine is not approved for use in pediatric patients under ten years of age [ see Use in Specific Populations (8.4) ]. WARNING: INCREASED MORTALITY IN ELDERLY PATIENTS WITH DEMENTIA-RELATED PSYCHOSIS; and SUICIDAL THOUGHTS AND BEHAVIORS See full prescribing information for complete boxed warning . Increased Mortality in Elderly Patients with Dementia-Related Psychosis Elderly patients with dementia-related psychosis treated with antipsychotic drugs are at an increased risk of death. Quetiapine tablets is not approved for elderly patients with dementia-related psychosis ( 5.1 ) Suicidal Thoughts and Behaviors Increased risk of suicidal thoughts and behavior in children, adolescents and young adults taking antidepressants ( 5.2 ) Monitor for worsening and emergence of suicidal thoughts and behaviors ( 5.2 )","1 INDICATIONS & USAGE Quetiapine is an atypical antipsychotic indicated for the treatment of: Schizophrenia ( 1.1 ) Bipolar I disorder manic episodes ( 1.2 ) Bipolar disorder, depressive episodes ( 1.2 ) 1.1 Schizophrenia Quetiapine is indicated for the treatment of schizophrenia. The efficacy of quetiapine in schizophrenia was established in three 6-week trials in adults and one 6-week trial in adolescents (13 to 17 years). The effectiveness of quetiapine for the maintenance treatment of schizo"
416,colesevelam hydrochloride,COLESEVELAM HYDROCHLORIDE,COLESEVELAM HYDROCHLORIDE,,,,None,"1 INDICATIONS AND USAGE Colesevelam hydrochloride is a bile acid sequestrant indicated as an adjunct to diet and exercise to: reduce elevated low-density lipoprotein cholesterol (LDL-C) in adults with primary hyperlipidemia ( 1.1 ). reduce LDL-C levels in boys and postmenarchal girls, 10 to 17 years of age, with heterozygous familial hypercholesterolemia (HeFH), unable to reach LDL-C target levels despite an adequate trial of diet and lifestyle modification ( 1.1 ). improve glycemic control in a"
419,sumatriptan,TOSYMRA,SUMATRIPTAN,,,,None,1 INDICATIONS AND USAGE TOSYMRA is indicated for the acute treatment of migraine with or without aura in adults. TOSYMRA is a serotonin (5-HT 1B/1D ) receptor agonist (triptan) indicated for the acute treatment of migraine with or without aura in adults ( 1 ) Limitations of Use : Use only if a clear diagnosis of migraine has been established ( 1 ) Not indicated for the preventive treatment of migraine ( 1 ) Not indicated for the treatment of cluster headache ( 1 ) Limitations of Use : Use only i
420,zinc undecylenate,Derman Antifungal,UNDECYLENIC ACID,,,,None,Uses For the treatment of athlete´s foot.
422,"octisalate,homosalate,avobenzone,octocrylene",American Crew All In One Face Balm Broad Spectrum SPF 15,OCTISALATE,,,,None,"Uses Helps prevent sunburn • If used as directed with other sun protection measures (see Directions), decreases the risk of skin cancer and early skin aging caused by the sun."
423,potassium citrate,POTASSIUM CITRATE,POTASSIUM CITRATE,,,,None,1 INDICATIONS AND USAGE Potassium citrate extended-release tablets are a citrate salt of potassium indicated for the management of: Renal tubular acidosis (RTA) with calcium stones (1.1) Hypocitraturic calcium oxalate nephrolithiasis of any etiology (1.2) Uric acid lithiasis with or without calcium stones (1.3) 1.1 Renal Tubular Acidosis (RTA) with Calcium Stones Potassium citrate is indicated for the management of renal tubular acidosis [see Clinical Studies (14.1)]. 1.2 Hypocitraturic Calcium 
424,penicillin g benzathine,BICILLIN L-A,PENICILLIN G BENZATHINE,,,,"WARNING NOT FOR INTRAVENOUS USE. DO NOT INJECT INTRAVENOUSLY OR ADMIX WITH OTHER INTRAVENOUS SOLUTIONS. THERE HAVE BEEN REPORTS OF INADVERTENT INTRAVENOUS ADMINISTRATION OF PENICILLIN G BENZATHINE WHICH HAS BEEN ASSOCIATED WITH CARDIORESPIRATORY ARREST AND DEATH. Prior to administration of this drug, carefully read the WARNINGS , ADVERSE REACTIONS , and DOSAGE AND ADMINISTRATION sections of the labeling. WARNING NOT FOR INTRAVENOUS USE. DO NOT INJECT INTRAVENOUSLY OR ADMIX WITH OTHER INTRAVENOUS SOLUTIONS. THERE HAVE BEEN REPORTS OF INADVERTENT INTRAVENOUS ADMINISTRATION OF PENICILLIN G BENZATHINE WHICH HAS BEEN ASSOCIATED WITH CARDIORESPIRATORY ARREST AND DEATH. Prior to administration of this drug, carefully read the WARNINGS , ADVERSE REACTIONS , and DOSAGE AND ADMINISTRATION sections of the labeling.","INDICATIONS AND USAGE To reduce the development of drug-resistant bacteria and maintain the effectiveness of Bicillin L-A and other antibacterial drugs, Bicillin L-A should be used only to treat or prevent infections that are proven or strongly suspected to be caused by bacteria. When culture and susceptibility information are available, they should be considered in selecting or modifying antibacterial therapy. In the absence of such data, local epidemiology and susceptibility patterns may contr"
425,"dextrose monohydrate, sodium citrate, unspecified form, and citric acid monohydrate",Anticoagulant Citrate Dextrose (ACD-A),DEXTROSE MONOHYDRATE,,,,None,1 INDICATIONS AND USAGE ANTICOAGULANT CITRATE DEXTROSE SOLUTION USP (ACD) SOLUTION A is an anticoagulant intended for use only with devices that prepare Platelet Rich Plasma (PRP) products for extracorporeal use. [See Dosage and Administration (2) .] ANTICOAGULANT CITRATE DEXTROSE SOLUTION USP (ACD) SOLUTION A is an anticoagulant intended for use only with devices that prepare Platelet Rich Plasma (PRP) products for extracorporeal use. See the device operator's manual for additional information 
427,modafinil,Modafinil,MODAFINIL,,,,None,"1 INDICATIONS AND USAGE Modafinil tablets are indicated to improve wakefulness in adult patients with excessive sleepiness associated with narcolepsy, obstructive sleep apnea (OSA), or shift work disorder (SWD). Limitations of Use In OSA, modafinil tablets are indicated to treat excessive sleepiness and not as treatment for the underlying obstruction. If continuous positive airway pressure (CPAP) is the treatment of choice for a patient, a maximal effort to treat with CPAP for an adequate period"
429,estradiol,Estradiol Vaginal,ESTRADIOL,,,,"WARNING: ENDOMETRIAL CANCER, CARDIOVASCULAR DISORDERS, BREAST CANCER and PROBABLE DEMENTIA Estrogen-Alone Therapy Endometrial Cancer There is an increased risk of endometrial cancer in a woman with a uterus who uses unopposed estrogens. Adding a progestin to estrogen therapy has been shown to reduce the risk of endometrial hyperplasia, which may be a precursor to endometrial cancer. Adequate diagnostic measures, including directed or random endometrial sampling when indicated, should be undertaken to rule out malignancy in postmenopausal women with undiagnosed persistent or recurring abnormal genital bleeding [see WARNINGS, Malignant Neoplasms, Endometrial Cancer ]. Cardiovascular Disorders and Probable Dementia Estrogen-alone therapy should not be used for the prevention of cardiovascular disease or dementia [see CLINICAL STUDIES and WARNINGS, Cardiovascular Disorders, and Probable Dementia ]. The Women’s Health Initiative (WHI) estrogen-alone substudy reported increased risks of stroke and deep vein thrombosis (DVT) in postmenopausal women (50 to 79 years of age) during 7.1 years of treatment with daily oral conjugated estrogens (CE) [0.625 mg]-alone, relative to placebo [see CLINICAL STUDIES and WARNINGS, Cardiovascular Disorders ]. The WHI Memory Study (WHIMS) estrogen-alone ancillary study of WHI reported an increased risk of developing probable dementia in postmenopausal women 65 years of age or older during 5.2 years of treatment with daily CE (0.625 mg)-alone, relative to placebo. It is unknown whether this finding applies to younger postmenopausal women [see CLINICAL STUDIES and WARNINGS, Probable Dementia and PRECAUTIONS, Geriatric Use ]. In the absence of comparable data, these risks should be assumed to be similar for other doses of CE and other dosage forms of estrogens. Estrogens with or without progestins should be prescribed at the lowest effective doses and for the shortest duration consistent with treatment goals and risks for the individual woman. Estrogen Plus Progestin Therapy Cardiovascular Disorders and Probable Dementia Estrogen plus progestin therapy should not be used for the prevention of cardiovascular disease or dementia [see CLINICAL STUDIES and WARNINGS, Cardiovascular Disorders, and Probable Dementia ]. The WHI estrogen plus progestin substudy reported increased risks of DVT, pulmonary embolism (PE), stroke and myocardial infarction (MI) in postmenopausal women (50 to 79 years of age) during 5.6 years of treatment with daily oral CE (0.625 mg) combined with medroxyprogesterone acetate (MPA) [2.5 mg], relative to placebo [see CLINICAL STUDIES and WARNINGS, Cardiovascular Disorders ]. The WHIMS estrogen plus progestin ancillary study of the WHI reported an increased risk of developing probable dementia in postmenopausal women 65 years of age or older during 4 years of treatment with daily CE (0.625 mg) combined with MPA (2.5 mg), relative to placebo. It is unknown whether this finding applies to younger postmenopausal women [see CLINICAL STUDIES and WARNINGS, Probable Dementia and PRECAUTIONS, Geriatric Use ]. Breast Cancer The WHI estrogen plus progestin substudy also demonstrated an increased risk of invasive breast cancer [see CLINICAL STUDIES and WARNINGS, Malignant Neoplasms, Breast Cancer ]. In the absence of comparable data, these risks should be assumed to be similar for other doses of CE and MPA, and other combinations and dosage forms of estrogens and progestins. Estrogens with or without progestins should be prescribed at the lowest effective doses and for the shortest duration consistent with treatment goals and risks for the individual woman.","INDICATIONS AND USAGE Estradiol Vaginal Cream, 0.01% is indicated in the treatment of moderate to severe symptoms of vulvar and vaginal atrophy due to menopause."
431,propranolol hydrochloride,Propranolol Hydrochloride,PROPRANOLOL HYDROCHLORIDE,,,,"Angina Pectoris There have been reports of exacerbation of angina and, in some cases, myocardial infarction, following abrupt discontinuance of propranolol therapy. Therefore, when discontinuance of propranolol is planned, the dosage should be gradually reduced over at least a few weeks, and the patient should be cautioned against interruption or cessation of therapy without the physician's advice. If propranolol therapy is interrupted and exacerbation of angina occurs, it usually is advisable to reinstitute propranolol therapy and take other measures appropriate for the management of unstable angina pectoris. Since coronary artery disease may be unrecognized, it may be prudent to follow the above advice in patients considered at risk of having occult atherosclerotic heart disease who are given propranolol for other indications.","INDICATIONS AND USAGE Hypertension Propranolol Hydrochloride Extended-Release Capsules, USP, are indicated in the management of hypertension. They may be used alone or used in combination with other antihypertensive agents, particularly a thiazide diuretic. Propranolol Hydrochloride Extended-Release Capsules, USP, are not indicated in the management of hypertensive emergencies. Angina Pectoris Due to Coronary Atherosclerosis Propranolol Hydrochloride Extended-Release Capsules, USP, are indicated"
432,"dextromethorphan hbr, guaifenesin, and phenylephrine hcl",Maximum Strength Severe Congestion and Cough,DEXTROMETHORPHAN HYDROBROMIDE,,,,None,Uses helps loosen phlegm (mucus) and thin bronchial secretions to rid the bronchial passageways of bothersome mucus and make coughs more productive temporarily relieves: cough due to minor throat and bronchial irritation as may occur with the common cold or inhaled irritants the intensity of coughing the impulse to cough to help you get to sleep nasal congestion due to a cold
435,cetirizine hydrochloride,Childrens Cetirizine Hydrochloride Sugar Free Grape,CETIRIZINE HYDROCHLORIDE,,,,None,"Uses Temporarily relieves these symptoms due to hay fever or other upper respiratory allergies: runny nose itchy, watery eyes sneezing itching of the nose or throat"
437,tolnaftate 1%,Novonail Solution,TOLNAFTATE,,,,None,"For effective treatment of most athlete's foot and ringworm. Relieves itching, scaling, cracking, burning, redness, soreness, irritation, and discomfort. Helps prevent most athlete's foot (dermatophytosis) with daily use."
439,trolamin salicylate 10%,Warrior Arthritis Relief,TROLAMINE SALICYLATE,,,,None,"Adults and children 12 years of age : apply generously to the affected area, massage into painful area until thoroughly absorbed into the skin, repeat as necessary, but not more than 3 to 4 times daily. Children under 12 years of age : ask a doctor."
441,"antihemophilic factor (recombinant), fc-vwf-xten fusion protein-ehtl",ALTUVIIIO,,,,,None,"1 INDICATIONS AND USAGE ALTUVIIIO is indicated for use in adults and pediatric patients with hemophilia A (congenital factor VIII deficiency) for: Routine prophylaxis to reduce the frequency of bleeding episodes On-demand treatment and control of bleeding episodes Perioperative management of bleeding ALTUVIIIO [antihemophilic factor (recombinant), Fc-VWF-XTEN fusion protein-ehtl] is a recombinant DNA-derived, Factor VIII concentrate indicated for use in adults and children with hemophilia A (con"
442,dicyclomine hydrochloride,Dicyclomine hydrochloride,DICYCLOMINE HYDROCHLORIDE,,,,None,"1 INDICATIONS AND USAGE Dicyclomine hydrochloride capsules, USP are indicated for the treatment of patients with functional bowel/irritable bowel syndrome. Dicyclomine hydrochloride capsules, USP are an antispasmodic and anticholinergic (antimuscarinic) agent indicated for the treatment of functional bowel/irritable bowel syndrome (1)"
443,chlorhexidine gluconate solution 0.75% antiseptic,Chlorhexidine Gluconate Solution 0.75% Antiseptic,CHLORHEXIDINE GLUCONATE,,,,None,Use healthcare personnel handwash: helps reduce bacteria that potentially can cause disease
445,enoxaparin sodium,Enoxaparin Sodium,ENOXAPARIN SODIUM,,,,"WARNING: SPINAL/EPIDURAL HEMATOMAS Epidural or spinal hematomas may occur in patients who are anticoagulated with low molecular weight heparins (LMWH) or heparinoids and are receiving neuraxial anesthesia or undergoing spinal puncture. These hematomas may result in long-term or permanent paralysis. Consider these risks when scheduling patients for spinal procedures. Factors that can increase the risk of developing epidural or spinal hematomas in these patients include: Use of indwelling epidural catheters Concomitant use of other drugs that affect hemostasis, such as non-steroidal anti-inflammatory drugs (NSAIDs), platelet inhibitors, other anticoagulants A history of traumatic or repeated epidural or spinal punctures A history of spinal deformity or spinal surgery Optimal timing between the administration of enoxaparin sodium injection and neuraxial procedures is not known Monitor patients frequently for signs and symptoms of neurological impairment. If neurological compromise is noted, urgent treatment is necessary. Consider the benefits and risks before neuraxial intervention in patients anticoagulated or to be anticoagulated for thromboprophylaxis [see Warnings and Precautions (5.1) and Drug Interactions (7) ] . WARNING: SPINAL/EPIDURAL HEMATOMAS See full prescribing information for complete boxed warning. Epidural or spinal hematomas may occur in patients who are anticoagulated with low molecular weight heparins (LMWH) or heparinoids and are receiving neuraxial anesthesia or undergoing spinal puncture. These hematomas may result in long-term or permanent paralysis. Consider these risks when scheduling patients for spinal procedures. Factors that can increase the risk of developing epidural or spinal hematomas in these patients include: Use of indwelling epidural catheters Concomitant use of other drugs that affect hemostasis, such as non-steroidal anti-inflammatory drugs (NSAIDs), platelet inhibitors, and other anticoagulants A history of traumatic or repeated epidural or spinal punctures A history of spinal deformity or spinal surgery Optimal timing between the administration of enoxaparin sodium injection and neuraxial procedures is not known Monitor patients frequently for signs and symptoms of neurological impairment. If neurological compromise is noted, urgent treatment is necessary. ( 5.1 , 7 )","1 INDICATIONS AND USAGE Enoxaparin sodium injection is a low molecular weight heparin (LMWH) indicated for: Prophylaxis of deep vein thrombosis (DVT) in abdominal surgery, hip replacement surgery, knee replacement surgery, or medical patients with severely restricted mobility during acute illness ( 1.1 ) Inpatient treatment of acute DVT with or without pulmonary embolism ( 1.2 ) Outpatient treatment of acute DVT without pulmonary embolism ( 1.2 ) Prophylaxis of ischemic complications of unstable"
448,tividenofusp alfa-eknm,AVLAYAH,TIVIDENOFUSP ALFA,,,,"WARNING: HYPERSENSITIVITY REACTIONS INCLUDING ANAPHYLAXIS Patients treated with enzyme replacement therapies, including AVLAYAH, have experienced life-threatening hypersensitivity reactions, including anaphylaxis. Anaphylaxis has occurred during the early course of enzyme replacement therapy and after extended duration of therapy. Initiate AVLAYAH in a healthcare setting with appropriate medical monitoring and support measures, including access to cardiopulmonary resuscitation equipment. If a severe hypersensitivity reaction (e.g., anaphylaxis) occurs, discontinue AVLAYAH and immediately initiate appropriate medical treatment, including use of epinephrine. Inform patients of the symptoms of life-threatening hypersensitivity reactions, including anaphylaxis and to seek immediate medical care should symptoms occur [see Warnings and Precautions (5.1) ] . WARNING: HYPERSENSITIVITY REACTIONS INCLUDING ANAPHYLAXIS See full prescribing information for complete boxed warning. Anaphylaxis has occurred during the early course of enzyme replacement therapy and after extended duration of therapy. ( 5.1 ) Initiate AVLAYAH in a healthcare setting with appropriate medical monitoring and support measures, including access to cardiopulmonary resuscitation equipment. ( 5.1 ) If a severe hypersensitivity reaction (e.g., anaphylaxis) occurs, discontinue AVLAYAH and immediately initiate appropriate medical treatment, including use of epinephrine. ( 5.1 )","1 INDICATIONS AND USAGE AVLAYAH is indicated for the treatment of neurologic manifestations of Hunter syndrome (Mucopolysaccharidosis type II, MPS II) when initiated in presymptomatic or symptomatic pediatric patients weighing at least 5 kg prior to advanced neurologic impairment. This indication is approved under accelerated approval based on the reduction of cerebrospinal fluid heparan sulfate [see Clinical Studies (14) ] . Continued approval for this indication may be contingent upon verifica"
450,ivermectin,Ivermectin,IVERMECTIN,,,,None,"INDICATIONS AND USAGE Ivermectin is indicated for the treatment of the following infections: Strongyloidiasis of the intestinal tract Ivermectin is indicated for the treatment of intestinal (i.e., nondisseminated) strongyloidiasis due to the nematode parasite Strongyloides stercoralis . This indication is based on clinical studies of both comparative and open-label designs, in which 64-100% of infected patients were cured following a single 200-mcg/kg dose of ivermectin (See CLINICAL PHARMACOLOG"
452,pantoprazole sodium,Pantoprazole Sodium,PANTOPRAZOLE SODIUM,,,,None,1 INDICATIONS AND USAGE Pantoprazole Sodium for Injection is indicated for treatment of: gastroesophageal reflux disease (GERD) and a history of erosive esophagitis (EE) for up to 10 days in adults. pathological hypersecretory conditions including Zollinger-Ellison (ZE) Syndrome in adults. Limitations of Use The safety and effectiveness of Pantoprazole Sodium for Injection for the treatment of upper gastrointestinal bleeding have not been established in adult or pediatric patients. Pediatric use
453,penicillin v potassium,Penicillin V Potassium,PENICILLIN V POTASSIUM,,,,None,"INDICATIONS AND USAGE To reduce the development of drug-resistant bacteria and maintain the effectiveness of penicillin V potassium and other antibacterial drugs, penicillin V potassium should be used only to treat or prevent infections that are proven or strongly suspected to be caused by susceptible bacteria. When culture and susceptibility information are available, they should be considered in selecting or modifying antibacterial therapy. In the absence of such data, local epidemiology and s"
454,benzonatate,Benzonatate,BENZONATATE,,,,None,INDICATIONS AND USAGE Benzonatate is indicated for the symptomatic relief of cough.
456,phenylephrine hcl,Nasal Decongestant PE,PHENYLEPHRINE HYDROCHLORIDE,,,,None,"Uses temporarily relieves sinus congestion and pressure temporarily relieves nasal congestion due to the common cold, hay fever or other upper respiratory allergies"
457,chenodiol,CTEXLI,CHENODIOL,,,,None,1 INDICATIONS AND USAGE CTEXLI is indicated for the treatment of cerebrotendinous xanthomatosis (CTX) in adults. CTEXLI is a bile acid indicated for treatment of cerebrotendinous xanthomatosis (CTX) in adults. ( 1 )
463,omeprazole,omeprazole,OMEPRAZOLE,,,,None,Use • treats frequent heartburn (occurs 2 or more days a week) • not intended for immediate relief of heartburn; this drug may take 1 to 4 days for full effect
465,carbidopa and levodopa,Carbidopa and Levodopa,CARBIDOPA HYDRATE,,,,None,"INDICATIONS AND USAGE Carbidopa and levodopa extended-release tablets are indicated in the treatment of Parkinson’s disease, post-encephalitic parkinsonism, and symptomatic parkinsonism that may follow carbon monoxide intoxication or manganese intoxication."
466,bismuth subsalicylate,Bismuth,BISMUTH SUBSALICYLATE,,,,None,Uses relieves travelers’ diarrhea diarrhea upset stomach due to overindulgence in food and drink including: heartburn indigestion nausea gas belching fullness
468,bisacodyl suppository,Walgreens Gentle Laxative,BISACODYL,,,,None,Directions -detach one suppository from the strip -remove wrapper before inserting into the rectum adults and children 12 years of age and older 1 suppository once daily children 6 to under 12 years 1/2 suppository once daily children under 6 years do not use
469,fulvestrant,Fulvestrant,FULVESTRANT,,,,None,"1 INDICATIONS AND USAGE Fulvestrant Injection is an estrogen receptor antagonist indicated for the treatment of: Hormone receptor (HR)-positive, human epidermal growth factor receptor 2 (HER2)-negative advanced breast cancer in postmenopausal women not previously treated with endocrine therapy. ( 1 ) HR-positive advanced breast cancer in postmenopausal women with disease progression following endocrine therapy. ( 1 ) HR-positive, HER2-negative advanced or metastatic breast cancer in postmenopaus"
471,cetylpyridinium chloride,Antispetic,CETYLPYRIDINIUM CHLORIDE,,,,None,Use helps control plaque that leads to gingivitis
476,terbium metallicum,Terbium Metallicum,TERBIUM,,,,None,N/A
477,"dextromethorphan hydrobromide, guaifenesin, phenylephrine hydrochloride",ACTIDOM DMX,DEXTROMETHORPHAN HYDROBROMIDE,,,,None,Uses • Helps loosen phlegm (mucus) and thin bronchial secretions to drain bronchial tubes • Temporarily relieves these symptoms occurring with a cold: • nasal congestion • cough due to minor throat and bronchial irritation.
481,benztropine mesylate,BENZTROPINE MESYLATE,BENZTROPINE MESYLATE,,,,None,"INDICATIONS AND USAGE Benztropine mesylate tablets, USP are indicated for use as an adjunct in the therapy of all forms of parkinsonism. Useful also in the control of extrapyramidal disorders (except tardive dyskinesia - see PRECAUTIONS ) due to neuroleptic drugs (e.g., phenothiazines)."
482,zinc gluconate,Cold-EEZE Cold Remedy,ZINC GLUCONATE,,,,None,"Uses reduces the duration of the common cold reduces the severity of cold symptoms: cough, sore throat, nasal congestion, post nasal drip and/or hoarseness"
483,pomalidomide,Pomalidomide,POMALIDOMIDE,,,,"BOXED WARNING WARNING: EMBRYO-FETAL TOXICITY and VENOUS AND ARTERIAL THROMBOEMBOLISM Embryo-Fetal Toxicity Pomalidomide capsules are contraindicated in pregnancy. Pomalidomide capsules are a thalidomide analogue. Thalidomide is a known human teratogen that causes severe birth defects or embryo-fetal death. In females of reproductive potential, obtain 2 negative pregnancy tests before starting pomalidomide capsules treatment. Females of reproductive potential must use 2 forms of contraception or continuously abstain from heterosexual sex during and for 4 weeks after stopping pomalidomide capsules treatment [see Contraindications (4), Warnings and Precautions (5.1) and Use in Specific Populations (8.1, 8.3 )]. Pomalidomide capsules are only available through a restricted distribution program called PS-Pomalidomide REMS [see Warnings and Precautions (5.2 )]. Information about PS-Pomalidomide REMS is available at www.PS-PomalidomideREMS.com or by calling the REMS Call Center at 1-888-423-5436. Venous and Arterial Thromboembolism Deep venous thrombosis (DVT), pulmonary embolism (PE), myocardial infarction, and stroke occur in patients with multiple myeloma treated with pomalidomide capsules. Prophylactic antithrombotic measures were employed in clinical trials. Thromboprophylaxis is recommended, and the choice of regimen should be based on assessment of the patient's underlying risk factors [see Warnings and Precautions (5.3 )]. WARNING: EMBRYO-FETAL TOXICITY and VENOUS AND ARTERIAL THROMBOEMBOLISM See full prescribing information for complete boxed warning EMBRYO-FETAL TOXICITY Pomalidomide capsules are contraindicated in pregnancy. Pomalidomide capsules are a thalidomide analogue. Thalidomide is a known human teratogen that causes severe life-threatening birth defects ( 4, 5.1, 8.1 ). For females of reproductive potential: Exclude pregnancy before start of treatment. Prevent pregnancy during treatment by the use of 2 reliable methods of contraception ( 5.1, 8.3 ). Pomalidomide capsules are available only through a restricted program called PS-Pomalidomide REMS ( 5.2 ). VENOUS AND ARTERIAL THROMBOEMBOLISM Deep venous thrombosis (DVT), pulmonary embolism (PE), myocardial infarction, and stroke occur in patients with multiple myeloma treated with pomalidomide capsules. Antithrombotic prophylaxis is recommended ( 5.3 ).","1 INDICATIONS AND USAGE Pomalidomide capsules are a thalidomide analogue indicated for the treatment of adult patients: in combination with dexamethasone, for patients with multiple myeloma (MM) who have received at least two prior therapies including lenalidomide and a proteasome inhibitor and have demonstrated disease progression on or within 60 days of completion of the last therapy ( 1.1 ). with AIDS-related Kaposi sarcoma (KS) after failure of highly active antiretroviral therapy (HAART) or"
484,betamethasone sodium phosphate and betamethasone acetate,Betaloan SUIK,BETAMETHASONE SODIUM PHOSPHATE,,,,None,"INDICATIONS AND USAGE When oral therapy is not feasible, the intramuscular use of Betamethasone Sodium Phosphate and Betamethasone Acetate Injectable Suspension is indicated as follows: Allergic States Control of severe or incapacitating allergic conditions intractable to adequate trials of conventional treatment in asthma, atopic dermatitis, contact dermatitis, drug hypersensitivity reactions, perennial or seasonal allergic rhinitis, serum sickness, transfusion reactions. Dermatologic Diseases "
485,bisacodyl,Dulcolax Laxative,BISACODYL,,,,None,Use for relief of occasional constipation and irregularity this product generally produces bowel movement in 15 minutes to 1 hour
487,"echinacea, aconitum napellus, agaricus muscarius, aralia quinquefolia, baptisia tinctoria, bryonia, chelidonium majus, eupatorium perfoliatum, hepar sulphuris calcareum, lachesis mutus, lycopodium clavatum, rhus toxicodendron, sanguinaria canadensis, sulphur, thuja occidentalis, bufo rana, nux vomica, anthracinum, influenzinum, pyrogenium",Sick Stopper,"ECHINACEA, UNSPECIFIED",,,,None,"INDICATIONS & USAGE SECTION Formulated for symptoms associated with colds and infections such as cough, fatigue, fever, headache and indigestion. Begin at the onset of symptoms."
489,scopolamine,Scopolamine,SCOPOLAMINE,,,,None,N/A
491,"menthol, zinc oxide",Granulotion Medicated,MENTHOL,,,,None,"USES: Helps relieve local itching and discomfort of the perianal area. Temporarily forms a protective barrier over inflamed tissues to help prevent drying of tissues. For the temporary relief of pain, burning and skin irritation. Can help distract the pain and may provide cooling sensation."
492,esmolol hydrochloride,Esmolol Hydrochloride,ESMOLOL HYDROCHLORIDE,,,,None,1 INDICATIONS AND USAGE Esmolol hydrochloride injection is a beta adrenergic blocker indicated for the short-term treatment of: Control of ventricular rate in supraventricular tachycardia including atrial fibrillation and atrial flutter and control of heart rate in noncompensatory sinus tachycardia ( 1.1 ) Control of perioperative tachycardia and hypertension ( 1.2 ) 1.1 Supraventricular Tachycardia or Noncompensatory Sinus Tachycardia Esmolol hydrochloride injection is indicated for the rapid c
494,fludarabine phosphate,Fludarabine Phosphate,FLUDARABINE PHOSPHATE,,,,"WARNING: SEVERE BONE MARROW SUPPRESSION, CNS TOXICITY, HEMOLYTIC ANEMIA, AND PULMONARY TOXICITY Fludarabine Phosphate Injection should be administered under the supervision of a qualified physician experienced in the use of antineoplastic therapy. Fludarabine phosphate injection can severely suppress bone marrow function. When used at high doses in dose-ranging studies in patients with acute leukemia, fludarabine phosphate was associated with severe neurologic effects, including blindness, coma, and death. This severe central nervous system toxicity occurred in 36% of patients treated with doses approximately four times greater (96 mg/m 2 /day for 5 to 7 days) than the recommended dose. Similar severe central nervous system toxicity, including coma, seizures, agitation and confusion, has been reported in patients treated at doses in the range of the dose recommended for chronic lymphocytic leukemia [see Warnings and Precautions ( 5.2 )] . Instances of life-threatening and sometimes fatal autoimmune phenomena such as hemolytic anemia, autoimmune thrombocytopenia/thrombocytopenic purpura (ITP), Evans syndrome, and acquired hemophilia have been reported to occur after one or more cycles of treatment with Fludarabine Phosphate Injection. Patients undergoing treatment with Fludarabine Phosphate Injection should be evaluated and closely monitored for hemolysis [see Warnings and Precautions ( 5.3 )]. In a clinical investigation using fludarabine phosphate in combination with pentostatin (deoxycoformycin) for the treatment of refractory chronic lymphocytic leukemia (CLL), there was an unacceptably high incidence of fatal pulmonary toxicity. Therefore, the use of Fludarabine Phosphate Injection in combination with pentostatin is not recommended [see Warnings and Precautions ( 5.5 )]. WARNING: CNS TOXICITY, HEMOLYTIC ANEMIA, AND PULMONARY TOXICITY See full prescribing information for complete boxed warning. Severe central nervous system toxicity occurred in 36% of patients treated with doses approximately four times greater (96 mg/m 2 /day for 5 to 7 days) than the recommended dose. This toxicity was seen in ≤0.2% of patients treated at the recommended dose levels (25 mg/m 2 ). ( 5.1 ) Instances of life-threatening and sometimes fatal autoimmune hemolytic anemia have been reported after one or more cycles of treatment. ( 5.3 ) In a clinical investigation of the combination of fludarabine phosphate with pentostatin (deoxycoformycin) for the treatment of refractory chronic lymphocytic leukemia (CLL), there was an unacceptably high incidence of fatal pulmonary toxicity. ( 5.5 )",1 INDICATIONS AND USAGE Fludarabine Phosphate Injection is a nucleotide metabolic inhibitor indicated for: The treatment of adult patients with B-cell chronic lymphocytic leukemia (CLL) who have not responded to or whose disease has progressed during treatment with at least one standard alkylating-agent containing regimen. Benefit in treatment-naïve or non-refractory CLL patients is not established. ( 1.1 ) 1.1 Indication Fludarabine Phosphate Injection is indicated for the treatment of adult pa
495,mitomycin,Mitomycin,MITOMYCIN,,,,"WARNING Mitomycin should be administered under the supervision of a qualified physician experienced in the use of cancer chemotherapeutic agents. Appropriate management of therapy and complications is possible only when adequate diagnostic and treatment facilities are readily available. Bone marrow suppression, notably thrombocytopenia and leukopenia, which may contribute to overwhelming infections in an already compromised patient, is the most common and severe of the toxic effects of mitomycin (see WARNINGS and ADVERSE REACTIONS sections). Hemolytic Uremic Syndrome (HUS) a serious complication of chemotherapy, consisting primarily of microangiopathic hemolytic anemia, thrombocytopenia, and irreversible renal failure has been reported in patients receiving systemic mitomycin. The syndrome may occur at any time during systemic therapy with mitomycin as a single agent or in combination with other cytotoxic drugs, however, most cases occur at doses ≥60 mg of mitomycin. Blood product transfusion may exacerbate the symptoms associated with this syndrome. The incidence of the syndrome has not been defined.","INDICATIONS AND USAGE Mitomycin for Injection is not recommended as single-agent, primary therapy. It has been shown to be useful in the therapy of disseminated adenocarcinoma of the stomach or pancreas in proven combinations with other approved chemotherapeutic agents and as palliative treatment when other modalities have failed. Mitomycin is not recommended to replace appropriate surgery and/or radiotherapy."
496,"sodium chloride, calcium chloride, and potassium chloride",Ringers,SODIUM CHLORIDE,,,,None,1 INDICATIONS AND USAGE Ringer’s Injection is indicated for use as a source of water and electrolytes in adults and pediatric patients. Ringer’s Injection is indicated for use as a source of water and electrolytes in adults and pediatric patients. ( 1 )
497,epinephrine,Epinephrine,EPINEPHRINE,,,,None,"1 INDICATIONS AND USAGE Epinephrine is a non-selective alpha and beta adrenergic agonist indicated to increase mean arterial blood pressure in adult patients with hypotension associated with septic shock. ( 1.1 ) 1.1 Hypotension associated with Septic Shock Epinephrine Injection USP, 1 mg/10 mL (0.1 mg/mL) is indicated to increase mean arterial blood pressure in adult patients with hypotension associated with septic shock."
498,"zinc oxide, octinoxate",Sheer Defense Tinted SPF 46,ZINC OXIDE,,,,None,"Uses • Helps prevent sunburn • If used as directed with other sun protection measures (see Directions ), decreases the risk of skin cancer and early skin aging caused by the sun."
